state_t,next_state_t1,transition_count,sample_size,warning
away_red_cards=0|home_red_cards=0|minute_bucket=0-15|phase=regular_time|score_diff_bucket=+1|strength_gap_bucket=unknown|venue_context=neutral,away_red_cards=0|home_red_cards=0|minute_bucket=16-30|phase=regular_time|score_diff_bucket=+1|strength_gap_bucket=unknown|venue_context=neutral,28,48,False
away_red_cards=0|home_red_cards=0|minute_bucket=0-15|phase=regular_time|score_diff_bucket=+1|strength_gap_bucket=unknown|venue_context=neutral,away_red_cards=0|home_red_cards=0|minute_bucket=16-30|phase=regular_time|score_diff_bucket=+2_or_more|strength_gap_bucket=unknown|venue_context=neutral,15,48,False
away_red_cards=0|home_red_cards=0|minute_bucket=0-15|phase=regular_time|score_diff_bucket=+1|strength_gap_bucket=unknown|venue_context=neutral,away_red_cards=0|home_red_cards=0|minute_bucket=16-30|phase=regular_time|score_diff_bucket=0|strength_gap_bucket=unknown|venue_context=neutral,4,48,False
away_red_cards=0|home_red_cards=0|minute_bucket=0-15|phase=regular_time|score_diff_bucket=+1|strength_gap_bucket=unknown|venue_context=neutral,away_red_cards=1_plus|home_red_cards=0|minute_bucket=16-30|phase=regular_time|score_diff_bucket=+1|strength_gap_bucket=unknown|venue_context=neutral,1,48,False
away_red_cards=0|home_red_cards=0|minute_bucket=0-15|phase=regular_time|score_diff_bucket=-1|strength_gap_bucket=unknown|venue_context=neutral,away_red_cards=0|home_red_cards=0|minute_bucket=16-30|phase=regular_time|score_diff_bucket=-1|strength_gap_bucket=unknown|venue_context=neutral,38,46,False
away_red_cards=0|home_red_cards=0|minute_bucket=0-15|phase=regular_time|score_diff_bucket=-1|strength_gap_bucket=unknown|venue_context=neutral,away_red_cards=0|home_red_cards=0|minute_bucket=16-30|phase=regular_time|score_diff_bucket=-2_or_more|strength_gap_bucket=unknown|venue_context=neutral,2,46,False
away_red_cards=0|home_red_cards=0|minute_bucket=0-15|phase=regular_time|score_diff_bucket=-1|strength_gap_bucket=unknown|venue_context=neutral,away_red_cards=0|home_red_cards=0|minute_bucket=16-30|phase=regular_time|score_diff_bucket=0|strength_gap_bucket=unknown|venue_context=neutral,6,46,False
away_red_cards=0|home_red_cards=0|minute_bucket=0-15|phase=regular_time|score_diff_bucket=0|strength_gap_bucket=unknown|venue_context=neutral,away_red_cards=0|home_red_cards=0|minute_bucket=0-15|phase=regular_time|score_diff_bucket=+1|strength_gap_bucket=unknown|venue_context=neutral,30,348,False
away_red_cards=0|home_red_cards=0|minute_bucket=0-15|phase=regular_time|score_diff_bucket=0|strength_gap_bucket=unknown|venue_context=neutral,away_red_cards=0|home_red_cards=0|minute_bucket=0-15|phase=regular_time|score_diff_bucket=-1|strength_gap_bucket=unknown|venue_context=neutral,28,348,False
away_red_cards=0|home_red_cards=0|minute_bucket=0-15|phase=regular_time|score_diff_bucket=0|strength_gap_bucket=unknown|venue_context=neutral,away_red_cards=0|home_red_cards=0|minute_bucket=0-15|phase=regular_time|score_diff_bucket=0|strength_gap_bucket=unknown|venue_context=neutral,133,348,False
away_red_cards=0|home_red_cards=0|minute_bucket=0-15|phase=regular_time|score_diff_bucket=0|strength_gap_bucket=unknown|venue_context=neutral,away_red_cards=0|home_red_cards=0|minute_bucket=16-30|phase=regular_time|score_diff_bucket=+1|strength_gap_bucket=unknown|venue_context=neutral,19,348,False
away_red_cards=0|home_red_cards=0|minute_bucket=0-15|phase=regular_time|score_diff_bucket=0|strength_gap_bucket=unknown|venue_context=neutral,away_red_cards=0|home_red_cards=0|minute_bucket=16-30|phase=regular_time|score_diff_bucket=+2_or_more|strength_gap_bucket=unknown|venue_context=neutral,2,348,False
away_red_cards=0|home_red_cards=0|minute_bucket=0-15|phase=regular_time|score_diff_bucket=0|strength_gap_bucket=unknown|venue_context=neutral,away_red_cards=0|home_red_cards=0|minute_bucket=16-30|phase=regular_time|score_diff_bucket=-1|strength_gap_bucket=unknown|venue_context=neutral,29,348,False
away_red_cards=0|home_red_cards=0|minute_bucket=0-15|phase=regular_time|score_diff_bucket=0|strength_gap_bucket=unknown|venue_context=neutral,away_red_cards=0|home_red_cards=0|minute_bucket=16-30|phase=regular_time|score_diff_bucket=-2_or_more|strength_gap_bucket=unknown|venue_context=neutral,2,348,False
away_red_cards=0|home_red_cards=0|minute_bucket=0-15|phase=regular_time|score_diff_bucket=0|strength_gap_bucket=unknown|venue_context=neutral,away_red_cards=0|home_red_cards=0|minute_bucket=16-30|phase=regular_time|score_diff_bucket=0|strength_gap_bucket=unknown|venue_context=neutral,103,348,False
away_red_cards=0|home_red_cards=0|minute_bucket=0-15|phase=regular_time|score_diff_bucket=0|strength_gap_bucket=unknown|venue_context=neutral,away_red_cards=1_plus|home_red_cards=0|minute_bucket=0-15|phase=regular_time|score_diff_bucket=+1|strength_gap_bucket=unknown|venue_context=neutral,2,348,False
away_red_cards=0|home_red_cards=0|minute_bucket=16-30|phase=regular_time|score_diff_bucket=+1|strength_gap_bucket=unknown|venue_context=neutral,away_red_cards=0|home_red_cards=0|minute_bucket=31-45+|phase=regular_time|score_diff_bucket=+1|strength_gap_bucket=unknown|venue_context=neutral,8,47,False
away_red_cards=0|home_red_cards=0|minute_bucket=16-30|phase=regular_time|score_diff_bucket=+1|strength_gap_bucket=unknown|venue_context=neutral,away_red_cards=0|home_red_cards=0|minute_bucket=31-45+|phase=regular_time|score_diff_bucket=+2_or_more|strength_gap_bucket=unknown|venue_context=neutral,2,47,False
away_red_cards=0|home_red_cards=0|minute_bucket=16-30|phase=regular_time|score_diff_bucket=+1|strength_gap_bucket=unknown|venue_context=neutral,away_red_cards=0|home_red_cards=0|minute_bucket=31-45+|phase=regular_time|score_diff_bucket=-1|strength_gap_bucket=unknown|venue_context=neutral,1,47,False
away_red_cards=0|home_red_cards=0|minute_bucket=16-30|phase=regular_time|score_diff_bucket=+1|strength_gap_bucket=unknown|venue_context=neutral,away_red_cards=0|home_red_cards=0|minute_bucket=46-60|phase=regular_time|score_diff_bucket=+1|strength_gap_bucket=unknown|venue_context=neutral,28,47,False
away_red_cards=0|home_red_cards=0|minute_bucket=16-30|phase=regular_time|score_diff_bucket=+1|strength_gap_bucket=unknown|venue_context=neutral,away_red_cards=0|home_red_cards=0|minute_bucket=46-60|phase=regular_time|score_diff_bucket=+2_or_more|strength_gap_bucket=unknown|venue_context=neutral,6,47,False
away_red_cards=0|home_red_cards=0|minute_bucket=16-30|phase=regular_time|score_diff_bucket=+1|strength_gap_bucket=unknown|venue_context=neutral,away_red_cards=0|home_red_cards=0|minute_bucket=46-60|phase=regular_time|score_diff_bucket=-1|strength_gap_bucket=unknown|venue_context=neutral,2,47,False
away_red_cards=0|home_red_cards=0|minute_bucket=16-30|phase=regular_time|score_diff_bucket=+2_or_more|strength_gap_bucket=unknown|venue_context=neutral,away_red_cards=0|home_red_cards=0|minute_bucket=31-45+|phase=regular_time|score_diff_bucket=+1|strength_gap_bucket=unknown|venue_context=neutral,1,20,False
away_red_cards=0|home_red_cards=0|minute_bucket=16-30|phase=regular_time|score_diff_bucket=+2_or_more|strength_gap_bucket=unknown|venue_context=neutral,away_red_cards=0|home_red_cards=0|minute_bucket=31-45+|phase=regular_time|score_diff_bucket=+2_or_more|strength_gap_bucket=unknown|venue_context=neutral,5,20,False
away_red_cards=0|home_red_cards=0|minute_bucket=16-30|phase=regular_time|score_diff_bucket=+2_or_more|strength_gap_bucket=unknown|venue_context=neutral,away_red_cards=0|home_red_cards=0|minute_bucket=46-60|phase=regular_time|score_diff_bucket=+1|strength_gap_bucket=unknown|venue_context=neutral,2,20,False
away_red_cards=0|home_red_cards=0|minute_bucket=16-30|phase=regular_time|score_diff_bucket=+2_or_more|strength_gap_bucket=unknown|venue_context=neutral,away_red_cards=0|home_red_cards=0|minute_bucket=46-60|phase=regular_time|score_diff_bucket=+2_or_more|strength_gap_bucket=unknown|venue_context=neutral,9,20,False
away_red_cards=0|home_red_cards=0|minute_bucket=16-30|phase=regular_time|score_diff_bucket=+2_or_more|strength_gap_bucket=unknown|venue_context=neutral,away_red_cards=1_plus|home_red_cards=0|minute_bucket=31-45+|phase=regular_time|score_diff_bucket=+2_or_more|strength_gap_bucket=unknown|venue_context=neutral,1,20,False
away_red_cards=0|home_red_cards=0|minute_bucket=16-30|phase=regular_time|score_diff_bucket=+2_or_more|strength_gap_bucket=unknown|venue_context=neutral,away_red_cards=1_plus|home_red_cards=0|minute_bucket=46-60|phase=regular_time|score_diff_bucket=+2_or_more|strength_gap_bucket=unknown|venue_context=neutral,2,20,False
away_red_cards=0|home_red_cards=0|minute_bucket=16-30|phase=regular_time|score_diff_bucket=-1|strength_gap_bucket=unknown|venue_context=neutral,away_red_cards=0|home_red_cards=0|minute_bucket=31-45+|phase=regular_time|score_diff_bucket=-1|strength_gap_bucket=unknown|venue_context=neutral,16,65,False
away_red_cards=0|home_red_cards=0|minute_bucket=16-30|phase=regular_time|score_diff_bucket=-1|strength_gap_bucket=unknown|venue_context=neutral,away_red_cards=0|home_red_cards=0|minute_bucket=31-45+|phase=regular_time|score_diff_bucket=-2_or_more|strength_gap_bucket=unknown|venue_context=neutral,2,65,False
away_red_cards=0|home_red_cards=0|minute_bucket=16-30|phase=regular_time|score_diff_bucket=-1|strength_gap_bucket=unknown|venue_context=neutral,away_red_cards=0|home_red_cards=0|minute_bucket=31-45+|phase=regular_time|score_diff_bucket=0|strength_gap_bucket=unknown|venue_context=neutral,1,65,False
away_red_cards=0|home_red_cards=0|minute_bucket=16-30|phase=regular_time|score_diff_bucket=-1|strength_gap_bucket=unknown|venue_context=neutral,away_red_cards=0|home_red_cards=0|minute_bucket=46-60|phase=regular_time|score_diff_bucket=-1|strength_gap_bucket=unknown|venue_context=neutral,34,65,False
away_red_cards=0|home_red_cards=0|minute_bucket=16-30|phase=regular_time|score_diff_bucket=-1|strength_gap_bucket=unknown|venue_context=neutral,away_red_cards=0|home_red_cards=0|minute_bucket=46-60|phase=regular_time|score_diff_bucket=-2_or_more|strength_gap_bucket=unknown|venue_context=neutral,2,65,False
away_red_cards=0|home_red_cards=0|minute_bucket=16-30|phase=regular_time|score_diff_bucket=-1|strength_gap_bucket=unknown|venue_context=neutral,away_red_cards=0|home_red_cards=0|minute_bucket=46-60|phase=regular_time|score_diff_bucket=0|strength_gap_bucket=unknown|venue_context=neutral,10,65,False
away_red_cards=0|home_red_cards=0|minute_bucket=16-30|phase=regular_time|score_diff_bucket=-2_or_more|strength_gap_bucket=unknown|venue_context=neutral,away_red_cards=0|home_red_cards=0|minute_bucket=31-45+|phase=regular_time|score_diff_bucket=-2_or_more|strength_gap_bucket=unknown|venue_context=neutral,1,7,True
away_red_cards=0|home_red_cards=0|minute_bucket=16-30|phase=regular_time|score_diff_bucket=-2_or_more|strength_gap_bucket=unknown|venue_context=neutral,away_red_cards=0|home_red_cards=0|minute_bucket=46-60|phase=regular_time|score_diff_bucket=-2_or_more|strength_gap_bucket=unknown|venue_context=neutral,6,7,True
away_red_cards=0|home_red_cards=0|minute_bucket=16-30|phase=regular_time|score_diff_bucket=0|strength_gap_bucket=unknown|venue_context=neutral,away_red_cards=0|home_red_cards=0|minute_bucket=31-45+|phase=regular_time|score_diff_bucket=+1|strength_gap_bucket=unknown|venue_context=neutral,1,106,False
away_red_cards=0|home_red_cards=0|minute_bucket=16-30|phase=regular_time|score_diff_bucket=0|strength_gap_bucket=unknown|venue_context=neutral,away_red_cards=0|home_red_cards=0|minute_bucket=31-45+|phase=regular_time|score_diff_bucket=-1|strength_gap_bucket=unknown|venue_context=neutral,1,106,False
away_red_cards=0|home_red_cards=0|minute_bucket=16-30|phase=regular_time|score_diff_bucket=0|strength_gap_bucket=unknown|venue_context=neutral,away_red_cards=0|home_red_cards=0|minute_bucket=31-45+|phase=regular_time|score_diff_bucket=-2_or_more|strength_gap_bucket=unknown|venue_context=neutral,1,106,False
away_red_cards=0|home_red_cards=0|minute_bucket=16-30|phase=regular_time|score_diff_bucket=0|strength_gap_bucket=unknown|venue_context=neutral,away_red_cards=0|home_red_cards=0|minute_bucket=31-45+|phase=regular_time|score_diff_bucket=0|strength_gap_bucket=unknown|venue_context=neutral,7,106,False
away_red_cards=0|home_red_cards=0|minute_bucket=16-30|phase=regular_time|score_diff_bucket=0|strength_gap_bucket=unknown|venue_context=neutral,away_red_cards=0|home_red_cards=0|minute_bucket=46-60|phase=regular_time|score_diff_bucket=+1|strength_gap_bucket=unknown|venue_context=neutral,18,106,False
away_red_cards=0|home_red_cards=0|minute_bucket=16-30|phase=regular_time|score_diff_bucket=0|strength_gap_bucket=unknown|venue_context=neutral,away_red_cards=0|home_red_cards=0|minute_bucket=46-60|phase=regular_time|score_diff_bucket=-1|strength_gap_bucket=unknown|venue_context=neutral,13,106,False
away_red_cards=0|home_red_cards=0|minute_bucket=16-30|phase=regular_time|score_diff_bucket=0|strength_gap_bucket=unknown|venue_context=neutral,away_red_cards=0|home_red_cards=0|minute_bucket=46-60|phase=regular_time|score_diff_bucket=0|strength_gap_bucket=unknown|venue_context=neutral,65,106,False
away_red_cards=0|home_red_cards=0|minute_bucket=31-45+|phase=regular_time|score_diff_bucket=+1|strength_gap_bucket=unknown|venue_context=neutral,away_red_cards=0|home_red_cards=0|minute_bucket=46-60|phase=regular_time|score_diff_bucket=+1|strength_gap_bucket=unknown|venue_context=neutral,14,19,True
away_red_cards=0|home_red_cards=0|minute_bucket=31-45+|phase=regular_time|score_diff_bucket=+1|strength_gap_bucket=unknown|venue_context=neutral,away_red_cards=0|home_red_cards=0|minute_bucket=46-60|phase=regular_time|score_diff_bucket=+2_or_more|strength_gap_bucket=unknown|venue_context=neutral,5,19,True
away_red_cards=0|home_red_cards=0|minute_bucket=31-45+|phase=regular_time|score_diff_bucket=+2_or_more|strength_gap_bucket=unknown|venue_context=neutral,away_red_cards=0|home_red_cards=0|minute_bucket=46-60|phase=regular_time|score_diff_bucket=+2_or_more|strength_gap_bucket=unknown|venue_context=neutral,3,3,True
away_red_cards=0|home_red_cards=0|minute_bucket=31-45+|phase=regular_time|score_diff_bucket=-1|strength_gap_bucket=unknown|venue_context=neutral,away_red_cards=0|home_red_cards=0|minute_bucket=46-60|phase=regular_time|score_diff_bucket=-1|strength_gap_bucket=unknown|venue_context=neutral,14,18,True
away_red_cards=0|home_red_cards=0|minute_bucket=31-45+|phase=regular_time|score_diff_bucket=-1|strength_gap_bucket=unknown|venue_context=neutral,away_red_cards=0|home_red_cards=0|minute_bucket=46-60|phase=regular_time|score_diff_bucket=0|strength_gap_bucket=unknown|venue_context=neutral,3,18,True
away_red_cards=0|home_red_cards=0|minute_bucket=31-45+|phase=regular_time|score_diff_bucket=-1|strength_gap_bucket=unknown|venue_context=neutral,away_red_cards=1_plus|home_red_cards=0|minute_bucket=46-60|phase=regular_time|score_diff_bucket=-1|strength_gap_bucket=unknown|venue_context=neutral,1,18,True
away_red_cards=0|home_red_cards=0|minute_bucket=31-45+|phase=regular_time|score_diff_bucket=-2_or_more|strength_gap_bucket=unknown|venue_context=neutral,away_red_cards=0|home_red_cards=0|minute_bucket=46-60|phase=regular_time|score_diff_bucket=-1|strength_gap_bucket=unknown|venue_context=neutral,1,2,True
away_red_cards=0|home_red_cards=0|minute_bucket=31-45+|phase=regular_time|score_diff_bucket=-2_or_more|strength_gap_bucket=unknown|venue_context=neutral,away_red_cards=0|home_red_cards=0|minute_bucket=46-60|phase=regular_time|score_diff_bucket=-2_or_more|strength_gap_bucket=unknown|venue_context=neutral,1,2,True
away_red_cards=0|home_red_cards=0|minute_bucket=31-45+|phase=regular_time|score_diff_bucket=0|strength_gap_bucket=unknown|venue_context=neutral,away_red_cards=0|home_red_cards=0|minute_bucket=46-60|phase=regular_time|score_diff_bucket=+1|strength_gap_bucket=unknown|venue_context=neutral,4,27,False
away_red_cards=0|home_red_cards=0|minute_bucket=31-45+|phase=regular_time|score_diff_bucket=0|strength_gap_bucket=unknown|venue_context=neutral,away_red_cards=0|home_red_cards=0|minute_bucket=46-60|phase=regular_time|score_diff_bucket=-1|strength_gap_bucket=unknown|venue_context=neutral,6,27,False
away_red_cards=0|home_red_cards=0|minute_bucket=31-45+|phase=regular_time|score_diff_bucket=0|strength_gap_bucket=unknown|venue_context=neutral,away_red_cards=0|home_red_cards=0|minute_bucket=46-60|phase=regular_time|score_diff_bucket=0|strength_gap_bucket=unknown|venue_context=neutral,17,27,False
away_red_cards=0|home_red_cards=0|minute_bucket=46-60|phase=regular_time|score_diff_bucket=+1|strength_gap_bucket=unknown|venue_context=neutral,away_red_cards=0|home_red_cards=0|minute_bucket=46-60|phase=regular_time|score_diff_bucket=+1|strength_gap_bucket=unknown|venue_context=neutral,20,89,False
away_red_cards=0|home_red_cards=0|minute_bucket=46-60|phase=regular_time|score_diff_bucket=+1|strength_gap_bucket=unknown|venue_context=neutral,away_red_cards=0|home_red_cards=0|minute_bucket=46-60|phase=regular_time|score_diff_bucket=+2_or_more|strength_gap_bucket=unknown|venue_context=neutral,15,89,False
away_red_cards=0|home_red_cards=0|minute_bucket=46-60|phase=regular_time|score_diff_bucket=+1|strength_gap_bucket=unknown|venue_context=neutral,away_red_cards=0|home_red_cards=0|minute_bucket=46-60|phase=regular_time|score_diff_bucket=0|strength_gap_bucket=unknown|venue_context=neutral,10,89,False
away_red_cards=0|home_red_cards=0|minute_bucket=46-60|phase=regular_time|score_diff_bucket=+1|strength_gap_bucket=unknown|venue_context=neutral,away_red_cards=0|home_red_cards=0|minute_bucket=61-75|phase=regular_time|score_diff_bucket=+1|strength_gap_bucket=unknown|venue_context=neutral,19,89,False
away_red_cards=0|home_red_cards=0|minute_bucket=46-60|phase=regular_time|score_diff_bucket=+1|strength_gap_bucket=unknown|venue_context=neutral,away_red_cards=0|home_red_cards=0|minute_bucket=61-75|phase=regular_time|score_diff_bucket=+2_or_more|strength_gap_bucket=unknown|venue_context=neutral,6,89,False
away_red_cards=0|home_red_cards=0|minute_bucket=46-60|phase=regular_time|score_diff_bucket=+1|strength_gap_bucket=unknown|venue_context=neutral,away_red_cards=0|home_red_cards=0|minute_bucket=61-75|phase=regular_time|score_diff_bucket=0|strength_gap_bucket=unknown|venue_context=neutral,15,89,False
away_red_cards=0|home_red_cards=0|minute_bucket=46-60|phase=regular_time|score_diff_bucket=+1|strength_gap_bucket=unknown|venue_context=neutral,away_red_cards=0|home_red_cards=1_plus|minute_bucket=61-75|phase=regular_time|score_diff_bucket=+1|strength_gap_bucket=unknown|venue_context=neutral,2,89,False
away_red_cards=0|home_red_cards=0|minute_bucket=46-60|phase=regular_time|score_diff_bucket=+1|strength_gap_bucket=unknown|venue_context=neutral,away_red_cards=1_plus|home_red_cards=0|minute_bucket=46-60|phase=regular_time|score_diff_bucket=+1|strength_gap_bucket=unknown|venue_context=neutral,2,89,False
away_red_cards=0|home_red_cards=0|minute_bucket=46-60|phase=regular_time|score_diff_bucket=+2_or_more|strength_gap_bucket=unknown|venue_context=neutral,away_red_cards=0|home_red_cards=0|minute_bucket=46-60|phase=regular_time|score_diff_bucket=+2_or_more|strength_gap_bucket=unknown|venue_context=neutral,17,62,False
away_red_cards=0|home_red_cards=0|minute_bucket=46-60|phase=regular_time|score_diff_bucket=+2_or_more|strength_gap_bucket=unknown|venue_context=neutral,away_red_cards=0|home_red_cards=0|minute_bucket=61-75|phase=regular_time|score_diff_bucket=+1|strength_gap_bucket=unknown|venue_context=neutral,3,62,False
away_red_cards=0|home_red_cards=0|minute_bucket=46-60|phase=regular_time|score_diff_bucket=+2_or_more|strength_gap_bucket=unknown|venue_context=neutral,away_red_cards=0|home_red_cards=0|minute_bucket=61-75|phase=regular_time|score_diff_bucket=+2_or_more|strength_gap_bucket=unknown|venue_context=neutral,42,62,False
away_red_cards=0|home_red_cards=0|minute_bucket=46-60|phase=regular_time|score_diff_bucket=-1|strength_gap_bucket=unknown|venue_context=neutral,away_red_cards=0|home_red_cards=0|minute_bucket=46-60|phase=regular_time|score_diff_bucket=-1|strength_gap_bucket=unknown|venue_context=neutral,32,110,False
away_red_cards=0|home_red_cards=0|minute_bucket=46-60|phase=regular_time|score_diff_bucket=-1|strength_gap_bucket=unknown|venue_context=neutral,away_red_cards=0|home_red_cards=0|minute_bucket=46-60|phase=regular_time|score_diff_bucket=-2_or_more|strength_gap_bucket=unknown|venue_context=neutral,11,110,False
away_red_cards=0|home_red_cards=0|minute_bucket=46-60|phase=regular_time|score_diff_bucket=-1|strength_gap_bucket=unknown|venue_context=neutral,away_red_cards=0|home_red_cards=0|minute_bucket=46-60|phase=regular_time|score_diff_bucket=0|strength_gap_bucket=unknown|venue_context=neutral,6,110,False
away_red_cards=0|home_red_cards=0|minute_bucket=46-60|phase=regular_time|score_diff_bucket=-1|strength_gap_bucket=unknown|venue_context=neutral,away_red_cards=0|home_red_cards=0|minute_bucket=61-75|phase=regular_time|score_diff_bucket=-1|strength_gap_bucket=unknown|venue_context=neutral,28,110,False
away_red_cards=0|home_red_cards=0|minute_bucket=46-60|phase=regular_time|score_diff_bucket=-1|strength_gap_bucket=unknown|venue_context=neutral,away_red_cards=0|home_red_cards=0|minute_bucket=61-75|phase=regular_time|score_diff_bucket=-2_or_more|strength_gap_bucket=unknown|venue_context=neutral,9,110,False
away_red_cards=0|home_red_cards=0|minute_bucket=46-60|phase=regular_time|score_diff_bucket=-1|strength_gap_bucket=unknown|venue_context=neutral,away_red_cards=0|home_red_cards=0|minute_bucket=61-75|phase=regular_time|score_diff_bucket=0|strength_gap_bucket=unknown|venue_context=neutral,20,110,False
away_red_cards=0|home_red_cards=0|minute_bucket=46-60|phase=regular_time|score_diff_bucket=-1|strength_gap_bucket=unknown|venue_context=neutral,away_red_cards=1_plus|home_red_cards=0|minute_bucket=46-60|phase=regular_time|score_diff_bucket=-1|strength_gap_bucket=unknown|venue_context=neutral,2,110,False
away_red_cards=0|home_red_cards=0|minute_bucket=46-60|phase=regular_time|score_diff_bucket=-1|strength_gap_bucket=unknown|venue_context=neutral,away_red_cards=1_plus|home_red_cards=0|minute_bucket=46-60|phase=regular_time|score_diff_bucket=-2_or_more|strength_gap_bucket=unknown|venue_context=neutral,2,110,False
away_red_cards=0|home_red_cards=0|minute_bucket=46-60|phase=regular_time|score_diff_bucket=-2_or_more|strength_gap_bucket=unknown|venue_context=neutral,away_red_cards=0|home_red_cards=0|minute_bucket=46-60|phase=regular_time|score_diff_bucket=-1|strength_gap_bucket=unknown|venue_context=neutral,2,29,False
away_red_cards=0|home_red_cards=0|minute_bucket=46-60|phase=regular_time|score_diff_bucket=-2_or_more|strength_gap_bucket=unknown|venue_context=neutral,away_red_cards=0|home_red_cards=0|minute_bucket=46-60|phase=regular_time|score_diff_bucket=-2_or_more|strength_gap_bucket=unknown|venue_context=neutral,4,29,False
away_red_cards=0|home_red_cards=0|minute_bucket=46-60|phase=regular_time|score_diff_bucket=-2_or_more|strength_gap_bucket=unknown|venue_context=neutral,away_red_cards=0|home_red_cards=0|minute_bucket=61-75|phase=regular_time|score_diff_bucket=-2_or_more|strength_gap_bucket=unknown|venue_context=neutral,23,29,False
away_red_cards=0|home_red_cards=0|minute_bucket=46-60|phase=regular_time|score_diff_bucket=0|strength_gap_bucket=unknown|venue_context=neutral,away_red_cards=0|home_red_cards=0|minute_bucket=46-60|phase=regular_time|score_diff_bucket=+1|strength_gap_bucket=unknown|venue_context=neutral,8,173,False
away_red_cards=0|home_red_cards=0|minute_bucket=46-60|phase=regular_time|score_diff_bucket=0|strength_gap_bucket=unknown|venue_context=neutral,away_red_cards=0|home_red_cards=0|minute_bucket=46-60|phase=regular_time|score_diff_bucket=-1|strength_gap_bucket=unknown|venue_context=neutral,10,173,False
away_red_cards=0|home_red_cards=0|minute_bucket=46-60|phase=regular_time|score_diff_bucket=0|strength_gap_bucket=unknown|venue_context=neutral,away_red_cards=0|home_red_cards=0|minute_bucket=46-60|phase=regular_time|score_diff_bucket=-2_or_more|strength_gap_bucket=unknown|venue_context=neutral,2,173,False
away_red_cards=0|home_red_cards=0|minute_bucket=46-60|phase=regular_time|score_diff_bucket=0|strength_gap_bucket=unknown|venue_context=neutral,away_red_cards=0|home_red_cards=0|minute_bucket=46-60|phase=regular_time|score_diff_bucket=0|strength_gap_bucket=unknown|venue_context=neutral,55,173,False
away_red_cards=0|home_red_cards=0|minute_bucket=46-60|phase=regular_time|score_diff_bucket=0|strength_gap_bucket=unknown|venue_context=neutral,away_red_cards=0|home_red_cards=0|minute_bucket=61-75|phase=regular_time|score_diff_bucket=+1|strength_gap_bucket=unknown|venue_context=neutral,16,173,False
away_red_cards=0|home_red_cards=0|minute_bucket=46-60|phase=regular_time|score_diff_bucket=0|strength_gap_bucket=unknown|venue_context=neutral,away_red_cards=0|home_red_cards=0|minute_bucket=61-75|phase=regular_time|score_diff_bucket=-1|strength_gap_bucket=unknown|venue_context=neutral,11,173,False
away_red_cards=0|home_red_cards=0|minute_bucket=46-60|phase=regular_time|score_diff_bucket=0|strength_gap_bucket=unknown|venue_context=neutral,away_red_cards=0|home_red_cards=0|minute_bucket=61-75|phase=regular_time|score_diff_bucket=-2_or_more|strength_gap_bucket=unknown|venue_context=neutral,4,173,False
away_red_cards=0|home_red_cards=0|minute_bucket=46-60|phase=regular_time|score_diff_bucket=0|strength_gap_bucket=unknown|venue_context=neutral,away_red_cards=0|home_red_cards=0|minute_bucket=61-75|phase=regular_time|score_diff_bucket=0|strength_gap_bucket=unknown|venue_context=neutral,65,173,False
away_red_cards=0|home_red_cards=0|minute_bucket=46-60|phase=regular_time|score_diff_bucket=0|strength_gap_bucket=unknown|venue_context=neutral,away_red_cards=0|home_red_cards=1_plus|minute_bucket=61-75|phase=regular_time|score_diff_bucket=0|strength_gap_bucket=unknown|venue_context=neutral,2,173,False
away_red_cards=0|home_red_cards=0|minute_bucket=61-75|phase=regular_time|score_diff_bucket=+1|strength_gap_bucket=unknown|venue_context=neutral,away_red_cards=0|home_red_cards=0|minute_bucket=76-90+|phase=regular_time|score_diff_bucket=+1|strength_gap_bucket=unknown|venue_context=neutral,24,41,False
away_red_cards=0|home_red_cards=0|minute_bucket=61-75|phase=regular_time|score_diff_bucket=+1|strength_gap_bucket=unknown|venue_context=neutral,away_red_cards=0|home_red_cards=0|minute_bucket=76-90+|phase=regular_time|score_diff_bucket=+2_or_more|strength_gap_bucket=unknown|venue_context=neutral,4,41,False
away_red_cards=0|home_red_cards=0|minute_bucket=61-75|phase=regular_time|score_diff_bucket=+1|strength_gap_bucket=unknown|venue_context=neutral,away_red_cards=0|home_red_cards=0|minute_bucket=76-90+|phase=regular_time|score_diff_bucket=0|strength_gap_bucket=unknown|venue_context=neutral,10,41,False
away_red_cards=0|home_red_cards=0|minute_bucket=61-75|phase=regular_time|score_diff_bucket=+1|strength_gap_bucket=unknown|venue_context=neutral,away_red_cards=1_plus|home_red_cards=0|minute_bucket=76-90+|phase=regular_time|score_diff_bucket=+2_or_more|strength_gap_bucket=unknown|venue_context=neutral,3,41,False
away_red_cards=0|home_red_cards=0|minute_bucket=61-75|phase=regular_time|score_diff_bucket=+2_or_more|strength_gap_bucket=unknown|venue_context=neutral,away_red_cards=0|home_red_cards=0|minute_bucket=76-90+|phase=regular_time|score_diff_bucket=+2_or_more|strength_gap_bucket=unknown|venue_context=neutral,41,41,False
away_red_cards=0|home_red_cards=0|minute_bucket=61-75|phase=regular_time|score_diff_bucket=-1|strength_gap_bucket=unknown|venue_context=neutral,away_red_cards=0|home_red_cards=0|minute_bucket=76-90+|phase=regular_time|score_diff_bucket=-1|strength_gap_bucket=unknown|venue_context=neutral,20,34,False
away_red_cards=0|home_red_cards=0|minute_bucket=61-75|phase=regular_time|score_diff_bucket=-1|strength_gap_bucket=unknown|venue_context=neutral,away_red_cards=0|home_red_cards=0|minute_bucket=76-90+|phase=regular_time|score_diff_bucket=-2_or_more|strength_gap_bucket=unknown|venue_context=neutral,9,34,False
away_red_cards=0|home_red_cards=0|minute_bucket=61-75|phase=regular_time|score_diff_bucket=-1|strength_gap_bucket=unknown|venue_context=neutral,away_red_cards=0|home_red_cards=0|minute_bucket=76-90+|phase=regular_time|score_diff_bucket=0|strength_gap_bucket=unknown|venue_context=neutral,5,34,False
away_red_cards=0|home_red_cards=0|minute_bucket=61-75|phase=regular_time|score_diff_bucket=-2_or_more|strength_gap_bucket=unknown|venue_context=neutral,away_red_cards=0|home_red_cards=0|minute_bucket=76-90+|phase=regular_time|score_diff_bucket=-1|strength_gap_bucket=unknown|venue_context=neutral,1,40,False
away_red_cards=0|home_red_cards=0|minute_bucket=61-75|phase=regular_time|score_diff_bucket=-2_or_more|strength_gap_bucket=unknown|venue_context=neutral,away_red_cards=0|home_red_cards=0|minute_bucket=76-90+|phase=regular_time|score_diff_bucket=-2_or_more|strength_gap_bucket=unknown|venue_context=neutral,35,40,False
away_red_cards=0|home_red_cards=0|minute_bucket=61-75|phase=regular_time|score_diff_bucket=-2_or_more|strength_gap_bucket=unknown|venue_context=neutral,away_red_cards=0|home_red_cards=0|minute_bucket=76-90+|phase=regular_time|score_diff_bucket=0|strength_gap_bucket=unknown|venue_context=neutral,4,40,False
away_red_cards=0|home_red_cards=0|minute_bucket=61-75|phase=regular_time|score_diff_bucket=0|strength_gap_bucket=unknown|venue_context=neutral,away_red_cards=0|home_red_cards=0|minute_bucket=76-90+|phase=regular_time|score_diff_bucket=+1|strength_gap_bucket=unknown|venue_context=neutral,14,90,False
away_red_cards=0|home_red_cards=0|minute_bucket=61-75|phase=regular_time|score_diff_bucket=0|strength_gap_bucket=unknown|venue_context=neutral,away_red_cards=0|home_red_cards=0|minute_bucket=76-90+|phase=regular_time|score_diff_bucket=+2_or_more|strength_gap_bucket=unknown|venue_context=neutral,2,90,False
away_red_cards=0|home_red_cards=0|minute_bucket=61-75|phase=regular_time|score_diff_bucket=0|strength_gap_bucket=unknown|venue_context=neutral,away_red_cards=0|home_red_cards=0|minute_bucket=76-90+|phase=regular_time|score_diff_bucket=-1|strength_gap_bucket=unknown|venue_context=neutral,8,90,False
away_red_cards=0|home_red_cards=0|minute_bucket=61-75|phase=regular_time|score_diff_bucket=0|strength_gap_bucket=unknown|venue_context=neutral,away_red_cards=0|home_red_cards=0|minute_bucket=76-90+|phase=regular_time|score_diff_bucket=-2_or_more|strength_gap_bucket=unknown|venue_context=neutral,2,90,False
away_red_cards=0|home_red_cards=0|minute_bucket=61-75|phase=regular_time|score_diff_bucket=0|strength_gap_bucket=unknown|venue_context=neutral,away_red_cards=0|home_red_cards=0|minute_bucket=76-90+|phase=regular_time|score_diff_bucket=0|strength_gap_bucket=unknown|venue_context=neutral,63,90,False
away_red_cards=0|home_red_cards=0|minute_bucket=61-75|phase=regular_time|score_diff_bucket=0|strength_gap_bucket=unknown|venue_context=neutral,away_red_cards=1_plus|home_red_cards=0|minute_bucket=76-90+|phase=regular_time|score_diff_bucket=+1|strength_gap_bucket=unknown|venue_context=neutral,1,90,False
away_red_cards=0|home_red_cards=0|minute_bucket=76-90+|phase=regular_time|score_diff_bucket=+1|strength_gap_bucket=unknown|venue_context=neutral,away_red_cards=0|home_red_cards=0|minute_bucket=76-90+|phase=regular_time|score_diff_bucket=+1|strength_gap_bucket=unknown|venue_context=neutral,14,41,False
away_red_cards=0|home_red_cards=0|minute_bucket=76-90+|phase=regular_time|score_diff_bucket=+1|strength_gap_bucket=unknown|venue_context=neutral,away_red_cards=0|home_red_cards=0|minute_bucket=76-90+|phase=regular_time|score_diff_bucket=+2_or_more|strength_gap_bucket=unknown|venue_context=neutral,3,41,False
away_red_cards=0|home_red_cards=0|minute_bucket=76-90+|phase=regular_time|score_diff_bucket=+1|strength_gap_bucket=unknown|venue_context=neutral,away_red_cards=0|home_red_cards=0|minute_bucket=76-90+|phase=regular_time|score_diff_bucket=0|strength_gap_bucket=unknown|venue_context=neutral,24,41,False
away_red_cards=0|home_red_cards=0|minute_bucket=76-90+|phase=regular_time|score_diff_bucket=+2_or_more|strength_gap_bucket=unknown|venue_context=neutral,away_red_cards=0|home_red_cards=0|minute_bucket=76-90+|phase=regular_time|score_diff_bucket=+1|strength_gap_bucket=unknown|venue_context=neutral,1,21,False
away_red_cards=0|home_red_cards=0|minute_bucket=76-90+|phase=regular_time|score_diff_bucket=+2_or_more|strength_gap_bucket=unknown|venue_context=neutral,away_red_cards=0|home_red_cards=0|minute_bucket=76-90+|phase=regular_time|score_diff_bucket=+2_or_more|strength_gap_bucket=unknown|venue_context=neutral,20,21,False
away_red_cards=0|home_red_cards=0|minute_bucket=76-90+|phase=regular_time|score_diff_bucket=-1|strength_gap_bucket=unknown|venue_context=neutral,away_red_cards=0|home_red_cards=0|minute_bucket=76-90+|phase=regular_time|score_diff_bucket=-1|strength_gap_bucket=unknown|venue_context=neutral,12,31,False
away_red_cards=0|home_red_cards=0|minute_bucket=76-90+|phase=regular_time|score_diff_bucket=-1|strength_gap_bucket=unknown|venue_context=neutral,away_red_cards=0|home_red_cards=0|minute_bucket=76-90+|phase=regular_time|score_diff_bucket=-2_or_more|strength_gap_bucket=unknown|venue_context=neutral,2,31,False
away_red_cards=0|home_red_cards=0|minute_bucket=76-90+|phase=regular_time|score_diff_bucket=-1|strength_gap_bucket=unknown|venue_context=neutral,away_red_cards=0|home_red_cards=0|minute_bucket=76-90+|phase=regular_time|score_diff_bucket=0|strength_gap_bucket=unknown|venue_context=neutral,17,31,False
away_red_cards=0|home_red_cards=0|minute_bucket=76-90+|phase=regular_time|score_diff_bucket=-2_or_more|strength_gap_bucket=unknown|venue_context=neutral,away_red_cards=0|home_red_cards=0|minute_bucket=76-90+|phase=regular_time|score_diff_bucket=-1|strength_gap_bucket=unknown|venue_context=neutral,1,28,False
away_red_cards=0|home_red_cards=0|minute_bucket=76-90+|phase=regular_time|score_diff_bucket=-2_or_more|strength_gap_bucket=unknown|venue_context=neutral,away_red_cards=0|home_red_cards=0|minute_bucket=76-90+|phase=regular_time|score_diff_bucket=-2_or_more|strength_gap_bucket=unknown|venue_context=neutral,27,28,False
away_red_cards=0|home_red_cards=0|minute_bucket=76-90+|phase=regular_time|score_diff_bucket=0|strength_gap_bucket=unknown|venue_context=neutral,away_red_cards=0|home_red_cards=0|minute_bucket=76-90+|phase=regular_time|score_diff_bucket=-1|strength_gap_bucket=unknown|venue_context=neutral,2,42,False
away_red_cards=0|home_red_cards=0|minute_bucket=76-90+|phase=regular_time|score_diff_bucket=0|strength_gap_bucket=unknown|venue_context=neutral,away_red_cards=0|home_red_cards=0|minute_bucket=76-90+|phase=regular_time|score_diff_bucket=0|strength_gap_bucket=unknown|venue_context=neutral,40,42,False
away_red_cards=0|home_red_cards=1_plus|minute_bucket=61-75|phase=regular_time|score_diff_bucket=+1|strength_gap_bucket=unknown|venue_context=neutral,away_red_cards=0|home_red_cards=1_plus|minute_bucket=76-90+|phase=regular_time|score_diff_bucket=+1|strength_gap_bucket=unknown|venue_context=neutral,1,3,True
away_red_cards=0|home_red_cards=1_plus|minute_bucket=61-75|phase=regular_time|score_diff_bucket=+1|strength_gap_bucket=unknown|venue_context=neutral,away_red_cards=0|home_red_cards=1_plus|minute_bucket=76-90+|phase=regular_time|score_diff_bucket=+2_or_more|strength_gap_bucket=unknown|venue_context=neutral,2,3,True
away_red_cards=0|home_red_cards=1_plus|minute_bucket=61-75|phase=regular_time|score_diff_bucket=0|strength_gap_bucket=unknown|venue_context=neutral,away_red_cards=0|home_red_cards=1_plus|minute_bucket=76-90+|phase=regular_time|score_diff_bucket=0|strength_gap_bucket=unknown|venue_context=neutral,3,3,True
away_red_cards=0|home_red_cards=1_plus|minute_bucket=76-90+|phase=regular_time|score_diff_bucket=+1|strength_gap_bucket=unknown|venue_context=neutral,away_red_cards=0|home_red_cards=1_plus|minute_bucket=76-90+|phase=regular_time|score_diff_bucket=+2_or_more|strength_gap_bucket=unknown|venue_context=neutral,1,1,True
away_red_cards=0|home_red_cards=1_plus|minute_bucket=76-90+|phase=regular_time|score_diff_bucket=+2_or_more|strength_gap_bucket=unknown|venue_context=neutral,away_red_cards=0|home_red_cards=1_plus|minute_bucket=76-90+|phase=regular_time|score_diff_bucket=+2_or_more|strength_gap_bucket=unknown|venue_context=neutral,1,1,True
away_red_cards=0|home_red_cards=1_plus|minute_bucket=76-90+|phase=regular_time|score_diff_bucket=-1|strength_gap_bucket=unknown|venue_context=neutral,away_red_cards=0|home_red_cards=0|minute_bucket=76-90+|phase=regular_time|score_diff_bucket=-1|strength_gap_bucket=unknown|venue_context=neutral,1,1,True
away_red_cards=1_plus|home_red_cards=0|minute_bucket=0-15|phase=regular_time|score_diff_bucket=+1|strength_gap_bucket=unknown|venue_context=neutral,away_red_cards=1_plus|home_red_cards=0|minute_bucket=16-30|phase=regular_time|score_diff_bucket=+1|strength_gap_bucket=unknown|venue_context=neutral,3,3,True
away_red_cards=1_plus|home_red_cards=0|minute_bucket=16-30|phase=regular_time|score_diff_bucket=+1|strength_gap_bucket=unknown|venue_context=neutral,away_red_cards=1_plus|home_red_cards=0|minute_bucket=31-45+|phase=regular_time|score_diff_bucket=+1|strength_gap_bucket=unknown|venue_context=neutral,1,3,True
away_red_cards=1_plus|home_red_cards=0|minute_bucket=16-30|phase=regular_time|score_diff_bucket=+1|strength_gap_bucket=unknown|venue_context=neutral,away_red_cards=1_plus|home_red_cards=0|minute_bucket=46-60|phase=regular_time|score_diff_bucket=+1|strength_gap_bucket=unknown|venue_context=neutral,2,3,True
away_red_cards=1_plus|home_red_cards=0|minute_bucket=31-45+|phase=regular_time|score_diff_bucket=+2_or_more|strength_gap_bucket=unknown|venue_context=neutral,away_red_cards=1_plus|home_red_cards=0|minute_bucket=46-60|phase=regular_time|score_diff_bucket=+2_or_more|strength_gap_bucket=unknown|venue_context=neutral,1,1,True
away_red_cards=1_plus|home_red_cards=0|minute_bucket=46-60|phase=regular_time|score_diff_bucket=+1|strength_gap_bucket=unknown|venue_context=neutral,away_red_cards=1_plus|home_red_cards=0|minute_bucket=46-60|phase=regular_time|score_diff_bucket=+2_or_more|strength_gap_bucket=unknown|venue_context=neutral,2,5,True
away_red_cards=1_plus|home_red_cards=0|minute_bucket=46-60|phase=regular_time|score_diff_bucket=+1|strength_gap_bucket=unknown|venue_context=neutral,away_red_cards=1_plus|home_red_cards=0|minute_bucket=61-75|phase=regular_time|score_diff_bucket=+1|strength_gap_bucket=unknown|venue_context=neutral,1,5,True
away_red_cards=1_plus|home_red_cards=0|minute_bucket=46-60|phase=regular_time|score_diff_bucket=+1|strength_gap_bucket=unknown|venue_context=neutral,away_red_cards=1_plus|home_red_cards=0|minute_bucket=61-75|phase=regular_time|score_diff_bucket=+2_or_more|strength_gap_bucket=unknown|venue_context=neutral,2,5,True
away_red_cards=1_plus|home_red_cards=0|minute_bucket=46-60|phase=regular_time|score_diff_bucket=+2_or_more|strength_gap_bucket=unknown|venue_context=neutral,away_red_cards=1_plus|home_red_cards=0|minute_bucket=46-60|phase=regular_time|score_diff_bucket=+2_or_more|strength_gap_bucket=unknown|venue_context=neutral,2,10,True
away_red_cards=1_plus|home_red_cards=0|minute_bucket=46-60|phase=regular_time|score_diff_bucket=+2_or_more|strength_gap_bucket=unknown|venue_context=neutral,away_red_cards=1_plus|home_red_cards=0|minute_bucket=61-75|phase=regular_time|score_diff_bucket=+2_or_more|strength_gap_bucket=unknown|venue_context=neutral,8,10,True
away_red_cards=1_plus|home_red_cards=0|minute_bucket=46-60|phase=regular_time|score_diff_bucket=-1|strength_gap_bucket=unknown|venue_context=neutral,away_red_cards=1_plus|home_red_cards=0|minute_bucket=61-75|phase=regular_time|score_diff_bucket=-1|strength_gap_bucket=unknown|venue_context=neutral,4,4,True
away_red_cards=1_plus|home_red_cards=0|minute_bucket=46-60|phase=regular_time|score_diff_bucket=-2_or_more|strength_gap_bucket=unknown|venue_context=neutral,away_red_cards=1_plus|home_red_cards=0|minute_bucket=61-75|phase=regular_time|score_diff_bucket=-1|strength_gap_bucket=unknown|venue_context=neutral,3,3,True
away_red_cards=1_plus|home_red_cards=0|minute_bucket=61-75|phase=regular_time|score_diff_bucket=+2_or_more|strength_gap_bucket=unknown|venue_context=neutral,away_red_cards=1_plus|home_red_cards=0|minute_bucket=76-90+|phase=regular_time|score_diff_bucket=+2_or_more|strength_gap_bucket=unknown|venue_context=neutral,12,12,True
away_red_cards=1_plus|home_red_cards=0|minute_bucket=61-75|phase=regular_time|score_diff_bucket=-1|strength_gap_bucket=unknown|venue_context=neutral,away_red_cards=1_plus|home_red_cards=0|minute_bucket=76-90+|phase=regular_time|score_diff_bucket=-1|strength_gap_bucket=unknown|venue_context=neutral,8,8,True
away_red_cards=1_plus|home_red_cards=0|minute_bucket=61-75|phase=regular_time|score_diff_bucket=-2_or_more|strength_gap_bucket=unknown|venue_context=neutral,away_red_cards=1_plus|home_red_cards=0|minute_bucket=76-90+|phase=regular_time|score_diff_bucket=-1|strength_gap_bucket=unknown|venue_context=neutral,1,1,True
away_red_cards=1_plus|home_red_cards=0|minute_bucket=76-90+|phase=regular_time|score_diff_bucket=+1|strength_gap_bucket=unknown|venue_context=neutral,away_red_cards=1_plus|home_red_cards=0|minute_bucket=76-90+|phase=regular_time|score_diff_bucket=+2_or_more|strength_gap_bucket=unknown|venue_context=neutral,1,1,True
away_red_cards=1_plus|home_red_cards=0|minute_bucket=76-90+|phase=regular_time|score_diff_bucket=+2_or_more|strength_gap_bucket=unknown|venue_context=neutral,away_red_cards=0|home_red_cards=0|minute_bucket=76-90+|phase=regular_time|score_diff_bucket=+2_or_more|strength_gap_bucket=unknown|venue_context=neutral,2,11,True
away_red_cards=1_plus|home_red_cards=0|minute_bucket=76-90+|phase=regular_time|score_diff_bucket=+2_or_more|strength_gap_bucket=unknown|venue_context=neutral,away_red_cards=1_plus|home_red_cards=0|minute_bucket=76-90+|phase=regular_time|score_diff_bucket=+2_or_more|strength_gap_bucket=unknown|venue_context=neutral,9,11,True
away_red_cards=1_plus|home_red_cards=0|minute_bucket=76-90+|phase=regular_time|score_diff_bucket=-1|strength_gap_bucket=unknown|venue_context=neutral,away_red_cards=1_plus|home_red_cards=0|minute_bucket=76-90+|phase=regular_time|score_diff_bucket=-1|strength_gap_bucket=unknown|venue_context=neutral,2,2,True
away_red_cards=1_plus|home_red_cards=1_plus|minute_bucket=76-90+|phase=regular_time|score_diff_bucket=+2_or_more|strength_gap_bucket=unknown|venue_context=neutral,away_red_cards=1_plus|home_red_cards=0|minute_bucket=76-90+|phase=regular_time|score_diff_bucket=+2_or_more|strength_gap_bucket=unknown|venue_context=neutral,1,1,True
