state_t,next_state_t1,transition_probability,sample_size,warning
away_red_cards=0|home_red_cards=0|minute_bucket=0-15|phase=regular_time|score_diff_bucket=+1|strength_gap_bucket=unknown|venue_context=neutral,away_red_cards=0|home_red_cards=0|minute_bucket=16-30|phase=regular_time|score_diff_bucket=+1|strength_gap_bucket=unknown|venue_context=neutral,0.305263,48,False
away_red_cards=0|home_red_cards=0|minute_bucket=0-15|phase=regular_time|score_diff_bucket=+1|strength_gap_bucket=unknown|venue_context=neutral,away_red_cards=0|home_red_cards=0|minute_bucket=16-30|phase=regular_time|score_diff_bucket=+2_or_more|strength_gap_bucket=unknown|venue_context=neutral,0.168421,48,False
away_red_cards=0|home_red_cards=0|minute_bucket=0-15|phase=regular_time|score_diff_bucket=+1|strength_gap_bucket=unknown|venue_context=neutral,away_red_cards=0|home_red_cards=0|minute_bucket=16-30|phase=regular_time|score_diff_bucket=0|strength_gap_bucket=unknown|venue_context=neutral,0.052632,48,False
away_red_cards=0|home_red_cards=0|minute_bucket=0-15|phase=regular_time|score_diff_bucket=+1|strength_gap_bucket=unknown|venue_context=neutral,away_red_cards=1_plus|home_red_cards=0|minute_bucket=16-30|phase=regular_time|score_diff_bucket=+1|strength_gap_bucket=unknown|venue_context=neutral,0.021053,48,False
away_red_cards=0|home_red_cards=0|minute_bucket=0-15|phase=regular_time|score_diff_bucket=-1|strength_gap_bucket=unknown|venue_context=neutral,away_red_cards=0|home_red_cards=0|minute_bucket=16-30|phase=regular_time|score_diff_bucket=-1|strength_gap_bucket=unknown|venue_context=neutral,0.419355,46,False
away_red_cards=0|home_red_cards=0|minute_bucket=0-15|phase=regular_time|score_diff_bucket=-1|strength_gap_bucket=unknown|venue_context=neutral,away_red_cards=0|home_red_cards=0|minute_bucket=16-30|phase=regular_time|score_diff_bucket=-2_or_more|strength_gap_bucket=unknown|venue_context=neutral,0.032258,46,False
away_red_cards=0|home_red_cards=0|minute_bucket=0-15|phase=regular_time|score_diff_bucket=-1|strength_gap_bucket=unknown|venue_context=neutral,away_red_cards=0|home_red_cards=0|minute_bucket=16-30|phase=regular_time|score_diff_bucket=0|strength_gap_bucket=unknown|venue_context=neutral,0.075269,46,False
away_red_cards=0|home_red_cards=0|minute_bucket=0-15|phase=regular_time|score_diff_bucket=0|strength_gap_bucket=unknown|venue_context=neutral,away_red_cards=0|home_red_cards=0|minute_bucket=0-15|phase=regular_time|score_diff_bucket=+1|strength_gap_bucket=unknown|venue_context=neutral,0.078481,348,False
away_red_cards=0|home_red_cards=0|minute_bucket=0-15|phase=regular_time|score_diff_bucket=0|strength_gap_bucket=unknown|venue_context=neutral,away_red_cards=0|home_red_cards=0|minute_bucket=0-15|phase=regular_time|score_diff_bucket=-1|strength_gap_bucket=unknown|venue_context=neutral,0.073418,348,False
away_red_cards=0|home_red_cards=0|minute_bucket=0-15|phase=regular_time|score_diff_bucket=0|strength_gap_bucket=unknown|venue_context=neutral,away_red_cards=0|home_red_cards=0|minute_bucket=0-15|phase=regular_time|score_diff_bucket=0|strength_gap_bucket=unknown|venue_context=neutral,0.339241,348,False
away_red_cards=0|home_red_cards=0|minute_bucket=0-15|phase=regular_time|score_diff_bucket=0|strength_gap_bucket=unknown|venue_context=neutral,away_red_cards=0|home_red_cards=0|minute_bucket=16-30|phase=regular_time|score_diff_bucket=+1|strength_gap_bucket=unknown|venue_context=neutral,0.050633,348,False
away_red_cards=0|home_red_cards=0|minute_bucket=0-15|phase=regular_time|score_diff_bucket=0|strength_gap_bucket=unknown|venue_context=neutral,away_red_cards=0|home_red_cards=0|minute_bucket=16-30|phase=regular_time|score_diff_bucket=+2_or_more|strength_gap_bucket=unknown|venue_context=neutral,0.007595,348,False
away_red_cards=0|home_red_cards=0|minute_bucket=0-15|phase=regular_time|score_diff_bucket=0|strength_gap_bucket=unknown|venue_context=neutral,away_red_cards=0|home_red_cards=0|minute_bucket=16-30|phase=regular_time|score_diff_bucket=-1|strength_gap_bucket=unknown|venue_context=neutral,0.075949,348,False
away_red_cards=0|home_red_cards=0|minute_bucket=0-15|phase=regular_time|score_diff_bucket=0|strength_gap_bucket=unknown|venue_context=neutral,away_red_cards=0|home_red_cards=0|minute_bucket=16-30|phase=regular_time|score_diff_bucket=-2_or_more|strength_gap_bucket=unknown|venue_context=neutral,0.007595,348,False
away_red_cards=0|home_red_cards=0|minute_bucket=0-15|phase=regular_time|score_diff_bucket=0|strength_gap_bucket=unknown|venue_context=neutral,away_red_cards=0|home_red_cards=0|minute_bucket=16-30|phase=regular_time|score_diff_bucket=0|strength_gap_bucket=unknown|venue_context=neutral,0.263291,348,False
away_red_cards=0|home_red_cards=0|minute_bucket=0-15|phase=regular_time|score_diff_bucket=0|strength_gap_bucket=unknown|venue_context=neutral,away_red_cards=1_plus|home_red_cards=0|minute_bucket=0-15|phase=regular_time|score_diff_bucket=+1|strength_gap_bucket=unknown|venue_context=neutral,0.007595,348,False
away_red_cards=0|home_red_cards=0|minute_bucket=16-30|phase=regular_time|score_diff_bucket=+1|strength_gap_bucket=unknown|venue_context=neutral,away_red_cards=0|home_red_cards=0|minute_bucket=31-45+|phase=regular_time|score_diff_bucket=+1|strength_gap_bucket=unknown|venue_context=neutral,0.095745,47,False
away_red_cards=0|home_red_cards=0|minute_bucket=16-30|phase=regular_time|score_diff_bucket=+1|strength_gap_bucket=unknown|venue_context=neutral,away_red_cards=0|home_red_cards=0|minute_bucket=31-45+|phase=regular_time|score_diff_bucket=+2_or_more|strength_gap_bucket=unknown|venue_context=neutral,0.031915,47,False
away_red_cards=0|home_red_cards=0|minute_bucket=16-30|phase=regular_time|score_diff_bucket=+1|strength_gap_bucket=unknown|venue_context=neutral,away_red_cards=0|home_red_cards=0|minute_bucket=31-45+|phase=regular_time|score_diff_bucket=-1|strength_gap_bucket=unknown|venue_context=neutral,0.021277,47,False
away_red_cards=0|home_red_cards=0|minute_bucket=16-30|phase=regular_time|score_diff_bucket=+1|strength_gap_bucket=unknown|venue_context=neutral,away_red_cards=0|home_red_cards=0|minute_bucket=46-60|phase=regular_time|score_diff_bucket=+1|strength_gap_bucket=unknown|venue_context=neutral,0.308511,47,False
away_red_cards=0|home_red_cards=0|minute_bucket=16-30|phase=regular_time|score_diff_bucket=+1|strength_gap_bucket=unknown|venue_context=neutral,away_red_cards=0|home_red_cards=0|minute_bucket=46-60|phase=regular_time|score_diff_bucket=+2_or_more|strength_gap_bucket=unknown|venue_context=neutral,0.074468,47,False
away_red_cards=0|home_red_cards=0|minute_bucket=16-30|phase=regular_time|score_diff_bucket=+1|strength_gap_bucket=unknown|venue_context=neutral,away_red_cards=0|home_red_cards=0|minute_bucket=46-60|phase=regular_time|score_diff_bucket=-1|strength_gap_bucket=unknown|venue_context=neutral,0.031915,47,False
away_red_cards=0|home_red_cards=0|minute_bucket=16-30|phase=regular_time|score_diff_bucket=+2_or_more|strength_gap_bucket=unknown|venue_context=neutral,away_red_cards=0|home_red_cards=0|minute_bucket=31-45+|phase=regular_time|score_diff_bucket=+1|strength_gap_bucket=unknown|venue_context=neutral,0.029851,20,False
away_red_cards=0|home_red_cards=0|minute_bucket=16-30|phase=regular_time|score_diff_bucket=+2_or_more|strength_gap_bucket=unknown|venue_context=neutral,away_red_cards=0|home_red_cards=0|minute_bucket=31-45+|phase=regular_time|score_diff_bucket=+2_or_more|strength_gap_bucket=unknown|venue_context=neutral,0.089552,20,False
away_red_cards=0|home_red_cards=0|minute_bucket=16-30|phase=regular_time|score_diff_bucket=+2_or_more|strength_gap_bucket=unknown|venue_context=neutral,away_red_cards=0|home_red_cards=0|minute_bucket=46-60|phase=regular_time|score_diff_bucket=+1|strength_gap_bucket=unknown|venue_context=neutral,0.044776,20,False
away_red_cards=0|home_red_cards=0|minute_bucket=16-30|phase=regular_time|score_diff_bucket=+2_or_more|strength_gap_bucket=unknown|venue_context=neutral,away_red_cards=0|home_red_cards=0|minute_bucket=46-60|phase=regular_time|score_diff_bucket=+2_or_more|strength_gap_bucket=unknown|venue_context=neutral,0.149254,20,False
away_red_cards=0|home_red_cards=0|minute_bucket=16-30|phase=regular_time|score_diff_bucket=+2_or_more|strength_gap_bucket=unknown|venue_context=neutral,away_red_cards=1_plus|home_red_cards=0|minute_bucket=31-45+|phase=regular_time|score_diff_bucket=+2_or_more|strength_gap_bucket=unknown|venue_context=neutral,0.029851,20,False
away_red_cards=0|home_red_cards=0|minute_bucket=16-30|phase=regular_time|score_diff_bucket=+2_or_more|strength_gap_bucket=unknown|venue_context=neutral,away_red_cards=1_plus|home_red_cards=0|minute_bucket=46-60|phase=regular_time|score_diff_bucket=+2_or_more|strength_gap_bucket=unknown|venue_context=neutral,0.044776,20,False
away_red_cards=0|home_red_cards=0|minute_bucket=16-30|phase=regular_time|score_diff_bucket=-1|strength_gap_bucket=unknown|venue_context=neutral,away_red_cards=0|home_red_cards=0|minute_bucket=31-45+|phase=regular_time|score_diff_bucket=-1|strength_gap_bucket=unknown|venue_context=neutral,0.151786,65,False
away_red_cards=0|home_red_cards=0|minute_bucket=16-30|phase=regular_time|score_diff_bucket=-1|strength_gap_bucket=unknown|venue_context=neutral,away_red_cards=0|home_red_cards=0|minute_bucket=31-45+|phase=regular_time|score_diff_bucket=-2_or_more|strength_gap_bucket=unknown|venue_context=neutral,0.026786,65,False
away_red_cards=0|home_red_cards=0|minute_bucket=16-30|phase=regular_time|score_diff_bucket=-1|strength_gap_bucket=unknown|venue_context=neutral,away_red_cards=0|home_red_cards=0|minute_bucket=31-45+|phase=regular_time|score_diff_bucket=0|strength_gap_bucket=unknown|venue_context=neutral,0.017857,65,False
away_red_cards=0|home_red_cards=0|minute_bucket=16-30|phase=regular_time|score_diff_bucket=-1|strength_gap_bucket=unknown|venue_context=neutral,away_red_cards=0|home_red_cards=0|minute_bucket=46-60|phase=regular_time|score_diff_bucket=-1|strength_gap_bucket=unknown|venue_context=neutral,0.3125,65,False
away_red_cards=0|home_red_cards=0|minute_bucket=16-30|phase=regular_time|score_diff_bucket=-1|strength_gap_bucket=unknown|venue_context=neutral,away_red_cards=0|home_red_cards=0|minute_bucket=46-60|phase=regular_time|score_diff_bucket=-2_or_more|strength_gap_bucket=unknown|venue_context=neutral,0.026786,65,False
away_red_cards=0|home_red_cards=0|minute_bucket=16-30|phase=regular_time|score_diff_bucket=-1|strength_gap_bucket=unknown|venue_context=neutral,away_red_cards=0|home_red_cards=0|minute_bucket=46-60|phase=regular_time|score_diff_bucket=0|strength_gap_bucket=unknown|venue_context=neutral,0.098214,65,False
away_red_cards=0|home_red_cards=0|minute_bucket=16-30|phase=regular_time|score_diff_bucket=-2_or_more|strength_gap_bucket=unknown|venue_context=neutral,away_red_cards=0|home_red_cards=0|minute_bucket=31-45+|phase=regular_time|score_diff_bucket=-2_or_more|strength_gap_bucket=unknown|venue_context=neutral,0.037037,7,True
away_red_cards=0|home_red_cards=0|minute_bucket=16-30|phase=regular_time|score_diff_bucket=-2_or_more|strength_gap_bucket=unknown|venue_context=neutral,away_red_cards=0|home_red_cards=0|minute_bucket=46-60|phase=regular_time|score_diff_bucket=-2_or_more|strength_gap_bucket=unknown|venue_context=neutral,0.12963,7,True
away_red_cards=0|home_red_cards=0|minute_bucket=16-30|phase=regular_time|score_diff_bucket=0|strength_gap_bucket=unknown|venue_context=neutral,away_red_cards=0|home_red_cards=0|minute_bucket=31-45+|phase=regular_time|score_diff_bucket=+1|strength_gap_bucket=unknown|venue_context=neutral,0.013072,106,False
away_red_cards=0|home_red_cards=0|minute_bucket=16-30|phase=regular_time|score_diff_bucket=0|strength_gap_bucket=unknown|venue_context=neutral,away_red_cards=0|home_red_cards=0|minute_bucket=31-45+|phase=regular_time|score_diff_bucket=-1|strength_gap_bucket=unknown|venue_context=neutral,0.013072,106,False
away_red_cards=0|home_red_cards=0|minute_bucket=16-30|phase=regular_time|score_diff_bucket=0|strength_gap_bucket=unknown|venue_context=neutral,away_red_cards=0|home_red_cards=0|minute_bucket=31-45+|phase=regular_time|score_diff_bucket=-2_or_more|strength_gap_bucket=unknown|venue_context=neutral,0.013072,106,False
away_red_cards=0|home_red_cards=0|minute_bucket=16-30|phase=regular_time|score_diff_bucket=0|strength_gap_bucket=unknown|venue_context=neutral,away_red_cards=0|home_red_cards=0|minute_bucket=31-45+|phase=regular_time|score_diff_bucket=0|strength_gap_bucket=unknown|venue_context=neutral,0.052288,106,False
away_red_cards=0|home_red_cards=0|minute_bucket=16-30|phase=regular_time|score_diff_bucket=0|strength_gap_bucket=unknown|venue_context=neutral,away_red_cards=0|home_red_cards=0|minute_bucket=46-60|phase=regular_time|score_diff_bucket=+1|strength_gap_bucket=unknown|venue_context=neutral,0.124183,106,False
away_red_cards=0|home_red_cards=0|minute_bucket=16-30|phase=regular_time|score_diff_bucket=0|strength_gap_bucket=unknown|venue_context=neutral,away_red_cards=0|home_red_cards=0|minute_bucket=46-60|phase=regular_time|score_diff_bucket=-1|strength_gap_bucket=unknown|venue_context=neutral,0.091503,106,False
away_red_cards=0|home_red_cards=0|minute_bucket=16-30|phase=regular_time|score_diff_bucket=0|strength_gap_bucket=unknown|venue_context=neutral,away_red_cards=0|home_red_cards=0|minute_bucket=46-60|phase=regular_time|score_diff_bucket=0|strength_gap_bucket=unknown|venue_context=neutral,0.431373,106,False
away_red_cards=0|home_red_cards=0|minute_bucket=31-45+|phase=regular_time|score_diff_bucket=+1|strength_gap_bucket=unknown|venue_context=neutral,away_red_cards=0|home_red_cards=0|minute_bucket=46-60|phase=regular_time|score_diff_bucket=+1|strength_gap_bucket=unknown|venue_context=neutral,0.227273,19,True
away_red_cards=0|home_red_cards=0|minute_bucket=31-45+|phase=regular_time|score_diff_bucket=+1|strength_gap_bucket=unknown|venue_context=neutral,away_red_cards=0|home_red_cards=0|minute_bucket=46-60|phase=regular_time|score_diff_bucket=+2_or_more|strength_gap_bucket=unknown|venue_context=neutral,0.090909,19,True
away_red_cards=0|home_red_cards=0|minute_bucket=31-45+|phase=regular_time|score_diff_bucket=+2_or_more|strength_gap_bucket=unknown|venue_context=neutral,away_red_cards=0|home_red_cards=0|minute_bucket=46-60|phase=regular_time|score_diff_bucket=+2_or_more|strength_gap_bucket=unknown|venue_context=neutral,0.08,3,True
away_red_cards=0|home_red_cards=0|minute_bucket=31-45+|phase=regular_time|score_diff_bucket=-1|strength_gap_bucket=unknown|venue_context=neutral,away_red_cards=0|home_red_cards=0|minute_bucket=46-60|phase=regular_time|score_diff_bucket=-1|strength_gap_bucket=unknown|venue_context=neutral,0.230769,18,True
away_red_cards=0|home_red_cards=0|minute_bucket=31-45+|phase=regular_time|score_diff_bucket=-1|strength_gap_bucket=unknown|venue_context=neutral,away_red_cards=0|home_red_cards=0|minute_bucket=46-60|phase=regular_time|score_diff_bucket=0|strength_gap_bucket=unknown|venue_context=neutral,0.061538,18,True
away_red_cards=0|home_red_cards=0|minute_bucket=31-45+|phase=regular_time|score_diff_bucket=-1|strength_gap_bucket=unknown|venue_context=neutral,away_red_cards=1_plus|home_red_cards=0|minute_bucket=46-60|phase=regular_time|score_diff_bucket=-1|strength_gap_bucket=unknown|venue_context=neutral,0.030769,18,True
away_red_cards=0|home_red_cards=0|minute_bucket=31-45+|phase=regular_time|score_diff_bucket=-2_or_more|strength_gap_bucket=unknown|venue_context=neutral,away_red_cards=0|home_red_cards=0|minute_bucket=46-60|phase=regular_time|score_diff_bucket=-1|strength_gap_bucket=unknown|venue_context=neutral,0.040816,2,True
away_red_cards=0|home_red_cards=0|minute_bucket=31-45+|phase=regular_time|score_diff_bucket=-2_or_more|strength_gap_bucket=unknown|venue_context=neutral,away_red_cards=0|home_red_cards=0|minute_bucket=46-60|phase=regular_time|score_diff_bucket=-2_or_more|strength_gap_bucket=unknown|venue_context=neutral,0.040816,2,True
away_red_cards=0|home_red_cards=0|minute_bucket=31-45+|phase=regular_time|score_diff_bucket=0|strength_gap_bucket=unknown|venue_context=neutral,away_red_cards=0|home_red_cards=0|minute_bucket=46-60|phase=regular_time|score_diff_bucket=+1|strength_gap_bucket=unknown|venue_context=neutral,0.067568,27,False
away_red_cards=0|home_red_cards=0|minute_bucket=31-45+|phase=regular_time|score_diff_bucket=0|strength_gap_bucket=unknown|venue_context=neutral,away_red_cards=0|home_red_cards=0|minute_bucket=46-60|phase=regular_time|score_diff_bucket=-1|strength_gap_bucket=unknown|venue_context=neutral,0.094595,27,False
away_red_cards=0|home_red_cards=0|minute_bucket=31-45+|phase=regular_time|score_diff_bucket=0|strength_gap_bucket=unknown|venue_context=neutral,away_red_cards=0|home_red_cards=0|minute_bucket=46-60|phase=regular_time|score_diff_bucket=0|strength_gap_bucket=unknown|venue_context=neutral,0.243243,27,False
away_red_cards=0|home_red_cards=0|minute_bucket=46-60|phase=regular_time|score_diff_bucket=+1|strength_gap_bucket=unknown|venue_context=neutral,away_red_cards=0|home_red_cards=0|minute_bucket=46-60|phase=regular_time|score_diff_bucket=+1|strength_gap_bucket=unknown|venue_context=neutral,0.154412,89,False
away_red_cards=0|home_red_cards=0|minute_bucket=46-60|phase=regular_time|score_diff_bucket=+1|strength_gap_bucket=unknown|venue_context=neutral,away_red_cards=0|home_red_cards=0|minute_bucket=46-60|phase=regular_time|score_diff_bucket=+2_or_more|strength_gap_bucket=unknown|venue_context=neutral,0.117647,89,False
away_red_cards=0|home_red_cards=0|minute_bucket=46-60|phase=regular_time|score_diff_bucket=+1|strength_gap_bucket=unknown|venue_context=neutral,away_red_cards=0|home_red_cards=0|minute_bucket=46-60|phase=regular_time|score_diff_bucket=0|strength_gap_bucket=unknown|venue_context=neutral,0.080882,89,False
away_red_cards=0|home_red_cards=0|minute_bucket=46-60|phase=regular_time|score_diff_bucket=+1|strength_gap_bucket=unknown|venue_context=neutral,away_red_cards=0|home_red_cards=0|minute_bucket=61-75|phase=regular_time|score_diff_bucket=+1|strength_gap_bucket=unknown|venue_context=neutral,0.147059,89,False
away_red_cards=0|home_red_cards=0|minute_bucket=46-60|phase=regular_time|score_diff_bucket=+1|strength_gap_bucket=unknown|venue_context=neutral,away_red_cards=0|home_red_cards=0|minute_bucket=61-75|phase=regular_time|score_diff_bucket=+2_or_more|strength_gap_bucket=unknown|venue_context=neutral,0.051471,89,False
away_red_cards=0|home_red_cards=0|minute_bucket=46-60|phase=regular_time|score_diff_bucket=+1|strength_gap_bucket=unknown|venue_context=neutral,away_red_cards=0|home_red_cards=0|minute_bucket=61-75|phase=regular_time|score_diff_bucket=0|strength_gap_bucket=unknown|venue_context=neutral,0.117647,89,False
away_red_cards=0|home_red_cards=0|minute_bucket=46-60|phase=regular_time|score_diff_bucket=+1|strength_gap_bucket=unknown|venue_context=neutral,away_red_cards=0|home_red_cards=1_plus|minute_bucket=61-75|phase=regular_time|score_diff_bucket=+1|strength_gap_bucket=unknown|venue_context=neutral,0.022059,89,False
away_red_cards=0|home_red_cards=0|minute_bucket=46-60|phase=regular_time|score_diff_bucket=+1|strength_gap_bucket=unknown|venue_context=neutral,away_red_cards=1_plus|home_red_cards=0|minute_bucket=46-60|phase=regular_time|score_diff_bucket=+1|strength_gap_bucket=unknown|venue_context=neutral,0.022059,89,False
away_red_cards=0|home_red_cards=0|minute_bucket=46-60|phase=regular_time|score_diff_bucket=+2_or_more|strength_gap_bucket=unknown|venue_context=neutral,away_red_cards=0|home_red_cards=0|minute_bucket=46-60|phase=regular_time|score_diff_bucket=+2_or_more|strength_gap_bucket=unknown|venue_context=neutral,0.165138,62,False
away_red_cards=0|home_red_cards=0|minute_bucket=46-60|phase=regular_time|score_diff_bucket=+2_or_more|strength_gap_bucket=unknown|venue_context=neutral,away_red_cards=0|home_red_cards=0|minute_bucket=61-75|phase=regular_time|score_diff_bucket=+1|strength_gap_bucket=unknown|venue_context=neutral,0.036697,62,False
away_red_cards=0|home_red_cards=0|minute_bucket=46-60|phase=regular_time|score_diff_bucket=+2_or_more|strength_gap_bucket=unknown|venue_context=neutral,away_red_cards=0|home_red_cards=0|minute_bucket=61-75|phase=regular_time|score_diff_bucket=+2_or_more|strength_gap_bucket=unknown|venue_context=neutral,0.394495,62,False
away_red_cards=0|home_red_cards=0|minute_bucket=46-60|phase=regular_time|score_diff_bucket=-1|strength_gap_bucket=unknown|venue_context=neutral,away_red_cards=0|home_red_cards=0|minute_bucket=46-60|phase=regular_time|score_diff_bucket=-1|strength_gap_bucket=unknown|venue_context=neutral,0.210191,110,False
away_red_cards=0|home_red_cards=0|minute_bucket=46-60|phase=regular_time|score_diff_bucket=-1|strength_gap_bucket=unknown|venue_context=neutral,away_red_cards=0|home_red_cards=0|minute_bucket=46-60|phase=regular_time|score_diff_bucket=-2_or_more|strength_gap_bucket=unknown|venue_context=neutral,0.076433,110,False
away_red_cards=0|home_red_cards=0|minute_bucket=46-60|phase=regular_time|score_diff_bucket=-1|strength_gap_bucket=unknown|venue_context=neutral,away_red_cards=0|home_red_cards=0|minute_bucket=46-60|phase=regular_time|score_diff_bucket=0|strength_gap_bucket=unknown|venue_context=neutral,0.044586,110,False
away_red_cards=0|home_red_cards=0|minute_bucket=46-60|phase=regular_time|score_diff_bucket=-1|strength_gap_bucket=unknown|venue_context=neutral,away_red_cards=0|home_red_cards=0|minute_bucket=61-75|phase=regular_time|score_diff_bucket=-1|strength_gap_bucket=unknown|venue_context=neutral,0.184713,110,False
away_red_cards=0|home_red_cards=0|minute_bucket=46-60|phase=regular_time|score_diff_bucket=-1|strength_gap_bucket=unknown|venue_context=neutral,away_red_cards=0|home_red_cards=0|minute_bucket=61-75|phase=regular_time|score_diff_bucket=-2_or_more|strength_gap_bucket=unknown|venue_context=neutral,0.063694,110,False
away_red_cards=0|home_red_cards=0|minute_bucket=46-60|phase=regular_time|score_diff_bucket=-1|strength_gap_bucket=unknown|venue_context=neutral,away_red_cards=0|home_red_cards=0|minute_bucket=61-75|phase=regular_time|score_diff_bucket=0|strength_gap_bucket=unknown|venue_context=neutral,0.133758,110,False
away_red_cards=0|home_red_cards=0|minute_bucket=46-60|phase=regular_time|score_diff_bucket=-1|strength_gap_bucket=unknown|venue_context=neutral,away_red_cards=1_plus|home_red_cards=0|minute_bucket=46-60|phase=regular_time|score_diff_bucket=-1|strength_gap_bucket=unknown|venue_context=neutral,0.019108,110,False
away_red_cards=0|home_red_cards=0|minute_bucket=46-60|phase=regular_time|score_diff_bucket=-1|strength_gap_bucket=unknown|venue_context=neutral,away_red_cards=1_plus|home_red_cards=0|minute_bucket=46-60|phase=regular_time|score_diff_bucket=-2_or_more|strength_gap_bucket=unknown|venue_context=neutral,0.019108,110,False
away_red_cards=0|home_red_cards=0|minute_bucket=46-60|phase=regular_time|score_diff_bucket=-2_or_more|strength_gap_bucket=unknown|venue_context=neutral,away_red_cards=0|home_red_cards=0|minute_bucket=46-60|phase=regular_time|score_diff_bucket=-1|strength_gap_bucket=unknown|venue_context=neutral,0.039474,29,False
away_red_cards=0|home_red_cards=0|minute_bucket=46-60|phase=regular_time|score_diff_bucket=-2_or_more|strength_gap_bucket=unknown|venue_context=neutral,away_red_cards=0|home_red_cards=0|minute_bucket=46-60|phase=regular_time|score_diff_bucket=-2_or_more|strength_gap_bucket=unknown|venue_context=neutral,0.065789,29,False
away_red_cards=0|home_red_cards=0|minute_bucket=46-60|phase=regular_time|score_diff_bucket=-2_or_more|strength_gap_bucket=unknown|venue_context=neutral,away_red_cards=0|home_red_cards=0|minute_bucket=61-75|phase=regular_time|score_diff_bucket=-2_or_more|strength_gap_bucket=unknown|venue_context=neutral,0.315789,29,False
away_red_cards=0|home_red_cards=0|minute_bucket=46-60|phase=regular_time|score_diff_bucket=0|strength_gap_bucket=unknown|venue_context=neutral,away_red_cards=0|home_red_cards=0|minute_bucket=46-60|phase=regular_time|score_diff_bucket=+1|strength_gap_bucket=unknown|venue_context=neutral,0.040909,173,False
away_red_cards=0|home_red_cards=0|minute_bucket=46-60|phase=regular_time|score_diff_bucket=0|strength_gap_bucket=unknown|venue_context=neutral,away_red_cards=0|home_red_cards=0|minute_bucket=46-60|phase=regular_time|score_diff_bucket=-1|strength_gap_bucket=unknown|venue_context=neutral,0.05,173,False
away_red_cards=0|home_red_cards=0|minute_bucket=46-60|phase=regular_time|score_diff_bucket=0|strength_gap_bucket=unknown|venue_context=neutral,away_red_cards=0|home_red_cards=0|minute_bucket=46-60|phase=regular_time|score_diff_bucket=-2_or_more|strength_gap_bucket=unknown|venue_context=neutral,0.013636,173,False
away_red_cards=0|home_red_cards=0|minute_bucket=46-60|phase=regular_time|score_diff_bucket=0|strength_gap_bucket=unknown|venue_context=neutral,away_red_cards=0|home_red_cards=0|minute_bucket=46-60|phase=regular_time|score_diff_bucket=0|strength_gap_bucket=unknown|venue_context=neutral,0.254545,173,False
away_red_cards=0|home_red_cards=0|minute_bucket=46-60|phase=regular_time|score_diff_bucket=0|strength_gap_bucket=unknown|venue_context=neutral,away_red_cards=0|home_red_cards=0|minute_bucket=61-75|phase=regular_time|score_diff_bucket=+1|strength_gap_bucket=unknown|venue_context=neutral,0.077273,173,False
away_red_cards=0|home_red_cards=0|minute_bucket=46-60|phase=regular_time|score_diff_bucket=0|strength_gap_bucket=unknown|venue_context=neutral,away_red_cards=0|home_red_cards=0|minute_bucket=61-75|phase=regular_time|score_diff_bucket=-1|strength_gap_bucket=unknown|venue_context=neutral,0.054545,173,False
away_red_cards=0|home_red_cards=0|minute_bucket=46-60|phase=regular_time|score_diff_bucket=0|strength_gap_bucket=unknown|venue_context=neutral,away_red_cards=0|home_red_cards=0|minute_bucket=61-75|phase=regular_time|score_diff_bucket=-2_or_more|strength_gap_bucket=unknown|venue_context=neutral,0.022727,173,False
away_red_cards=0|home_red_cards=0|minute_bucket=46-60|phase=regular_time|score_diff_bucket=0|strength_gap_bucket=unknown|venue_context=neutral,away_red_cards=0|home_red_cards=0|minute_bucket=61-75|phase=regular_time|score_diff_bucket=0|strength_gap_bucket=unknown|venue_context=neutral,0.3,173,False
away_red_cards=0|home_red_cards=0|minute_bucket=46-60|phase=regular_time|score_diff_bucket=0|strength_gap_bucket=unknown|venue_context=neutral,away_red_cards=0|home_red_cards=1_plus|minute_bucket=61-75|phase=regular_time|score_diff_bucket=0|strength_gap_bucket=unknown|venue_context=neutral,0.013636,173,False
away_red_cards=0|home_red_cards=0|minute_bucket=61-75|phase=regular_time|score_diff_bucket=+1|strength_gap_bucket=unknown|venue_context=neutral,away_red_cards=0|home_red_cards=0|minute_bucket=76-90+|phase=regular_time|score_diff_bucket=+1|strength_gap_bucket=unknown|venue_context=neutral,0.284091,41,False
away_red_cards=0|home_red_cards=0|minute_bucket=61-75|phase=regular_time|score_diff_bucket=+1|strength_gap_bucket=unknown|venue_context=neutral,away_red_cards=0|home_red_cards=0|minute_bucket=76-90+|phase=regular_time|score_diff_bucket=+2_or_more|strength_gap_bucket=unknown|venue_context=neutral,0.056818,41,False
away_red_cards=0|home_red_cards=0|minute_bucket=61-75|phase=regular_time|score_diff_bucket=+1|strength_gap_bucket=unknown|venue_context=neutral,away_red_cards=0|home_red_cards=0|minute_bucket=76-90+|phase=regular_time|score_diff_bucket=0|strength_gap_bucket=unknown|venue_context=neutral,0.125,41,False
away_red_cards=0|home_red_cards=0|minute_bucket=61-75|phase=regular_time|score_diff_bucket=+1|strength_gap_bucket=unknown|venue_context=neutral,away_red_cards=1_plus|home_red_cards=0|minute_bucket=76-90+|phase=regular_time|score_diff_bucket=+2_or_more|strength_gap_bucket=unknown|venue_context=neutral,0.045455,41,False
away_red_cards=0|home_red_cards=0|minute_bucket=61-75|phase=regular_time|score_diff_bucket=+2_or_more|strength_gap_bucket=unknown|venue_context=neutral,away_red_cards=0|home_red_cards=0|minute_bucket=76-90+|phase=regular_time|score_diff_bucket=+2_or_more|strength_gap_bucket=unknown|venue_context=neutral,0.477273,41,False
away_red_cards=0|home_red_cards=0|minute_bucket=61-75|phase=regular_time|score_diff_bucket=-1|strength_gap_bucket=unknown|venue_context=neutral,away_red_cards=0|home_red_cards=0|minute_bucket=76-90+|phase=regular_time|score_diff_bucket=-1|strength_gap_bucket=unknown|venue_context=neutral,0.259259,34,False
away_red_cards=0|home_red_cards=0|minute_bucket=61-75|phase=regular_time|score_diff_bucket=-1|strength_gap_bucket=unknown|venue_context=neutral,away_red_cards=0|home_red_cards=0|minute_bucket=76-90+|phase=regular_time|score_diff_bucket=-2_or_more|strength_gap_bucket=unknown|venue_context=neutral,0.123457,34,False
away_red_cards=0|home_red_cards=0|minute_bucket=61-75|phase=regular_time|score_diff_bucket=-1|strength_gap_bucket=unknown|venue_context=neutral,away_red_cards=0|home_red_cards=0|minute_bucket=76-90+|phase=regular_time|score_diff_bucket=0|strength_gap_bucket=unknown|venue_context=neutral,0.074074,34,False
away_red_cards=0|home_red_cards=0|minute_bucket=61-75|phase=regular_time|score_diff_bucket=-2_or_more|strength_gap_bucket=unknown|venue_context=neutral,away_red_cards=0|home_red_cards=0|minute_bucket=76-90+|phase=regular_time|score_diff_bucket=-1|strength_gap_bucket=unknown|venue_context=neutral,0.022989,40,False
away_red_cards=0|home_red_cards=0|minute_bucket=61-75|phase=regular_time|score_diff_bucket=-2_or_more|strength_gap_bucket=unknown|venue_context=neutral,away_red_cards=0|home_red_cards=0|minute_bucket=76-90+|phase=regular_time|score_diff_bucket=-2_or_more|strength_gap_bucket=unknown|venue_context=neutral,0.413793,40,False
away_red_cards=0|home_red_cards=0|minute_bucket=61-75|phase=regular_time|score_diff_bucket=-2_or_more|strength_gap_bucket=unknown|venue_context=neutral,away_red_cards=0|home_red_cards=0|minute_bucket=76-90+|phase=regular_time|score_diff_bucket=0|strength_gap_bucket=unknown|venue_context=neutral,0.057471,40,False
away_red_cards=0|home_red_cards=0|minute_bucket=61-75|phase=regular_time|score_diff_bucket=0|strength_gap_bucket=unknown|venue_context=neutral,away_red_cards=0|home_red_cards=0|minute_bucket=76-90+|phase=regular_time|score_diff_bucket=+1|strength_gap_bucket=unknown|venue_context=neutral,0.109489,90,False
away_red_cards=0|home_red_cards=0|minute_bucket=61-75|phase=regular_time|score_diff_bucket=0|strength_gap_bucket=unknown|venue_context=neutral,away_red_cards=0|home_red_cards=0|minute_bucket=76-90+|phase=regular_time|score_diff_bucket=+2_or_more|strength_gap_bucket=unknown|venue_context=neutral,0.021898,90,False
away_red_cards=0|home_red_cards=0|minute_bucket=61-75|phase=regular_time|score_diff_bucket=0|strength_gap_bucket=unknown|venue_context=neutral,away_red_cards=0|home_red_cards=0|minute_bucket=76-90+|phase=regular_time|score_diff_bucket=-1|strength_gap_bucket=unknown|venue_context=neutral,0.065693,90,False
away_red_cards=0|home_red_cards=0|minute_bucket=61-75|phase=regular_time|score_diff_bucket=0|strength_gap_bucket=unknown|venue_context=neutral,away_red_cards=0|home_red_cards=0|minute_bucket=76-90+|phase=regular_time|score_diff_bucket=-2_or_more|strength_gap_bucket=unknown|venue_context=neutral,0.021898,90,False
away_red_cards=0|home_red_cards=0|minute_bucket=61-75|phase=regular_time|score_diff_bucket=0|strength_gap_bucket=unknown|venue_context=neutral,away_red_cards=0|home_red_cards=0|minute_bucket=76-90+|phase=regular_time|score_diff_bucket=0|strength_gap_bucket=unknown|venue_context=neutral,0.467153,90,False
away_red_cards=0|home_red_cards=0|minute_bucket=61-75|phase=regular_time|score_diff_bucket=0|strength_gap_bucket=unknown|venue_context=neutral,away_red_cards=1_plus|home_red_cards=0|minute_bucket=76-90+|phase=regular_time|score_diff_bucket=+1|strength_gap_bucket=unknown|venue_context=neutral,0.014599,90,False
away_red_cards=0|home_red_cards=0|minute_bucket=76-90+|phase=regular_time|score_diff_bucket=+1|strength_gap_bucket=unknown|venue_context=neutral,away_red_cards=0|home_red_cards=0|minute_bucket=76-90+|phase=regular_time|score_diff_bucket=+1|strength_gap_bucket=unknown|venue_context=neutral,0.170455,41,False
away_red_cards=0|home_red_cards=0|minute_bucket=76-90+|phase=regular_time|score_diff_bucket=+1|strength_gap_bucket=unknown|venue_context=neutral,away_red_cards=0|home_red_cards=0|minute_bucket=76-90+|phase=regular_time|score_diff_bucket=+2_or_more|strength_gap_bucket=unknown|venue_context=neutral,0.045455,41,False
away_red_cards=0|home_red_cards=0|minute_bucket=76-90+|phase=regular_time|score_diff_bucket=+1|strength_gap_bucket=unknown|venue_context=neutral,away_red_cards=0|home_red_cards=0|minute_bucket=76-90+|phase=regular_time|score_diff_bucket=0|strength_gap_bucket=unknown|venue_context=neutral,0.284091,41,False
away_red_cards=0|home_red_cards=0|minute_bucket=76-90+|phase=regular_time|score_diff_bucket=+2_or_more|strength_gap_bucket=unknown|venue_context=neutral,away_red_cards=0|home_red_cards=0|minute_bucket=76-90+|phase=regular_time|score_diff_bucket=+1|strength_gap_bucket=unknown|venue_context=neutral,0.029412,21,False
away_red_cards=0|home_red_cards=0|minute_bucket=76-90+|phase=regular_time|score_diff_bucket=+2_or_more|strength_gap_bucket=unknown|venue_context=neutral,away_red_cards=0|home_red_cards=0|minute_bucket=76-90+|phase=regular_time|score_diff_bucket=+2_or_more|strength_gap_bucket=unknown|venue_context=neutral,0.308824,21,False
away_red_cards=0|home_red_cards=0|minute_bucket=76-90+|phase=regular_time|score_diff_bucket=-1|strength_gap_bucket=unknown|venue_context=neutral,away_red_cards=0|home_red_cards=0|minute_bucket=76-90+|phase=regular_time|score_diff_bucket=-1|strength_gap_bucket=unknown|venue_context=neutral,0.166667,31,False
away_red_cards=0|home_red_cards=0|minute_bucket=76-90+|phase=regular_time|score_diff_bucket=-1|strength_gap_bucket=unknown|venue_context=neutral,away_red_cards=0|home_red_cards=0|minute_bucket=76-90+|phase=regular_time|score_diff_bucket=-2_or_more|strength_gap_bucket=unknown|venue_context=neutral,0.038462,31,False
away_red_cards=0|home_red_cards=0|minute_bucket=76-90+|phase=regular_time|score_diff_bucket=-1|strength_gap_bucket=unknown|venue_context=neutral,away_red_cards=0|home_red_cards=0|minute_bucket=76-90+|phase=regular_time|score_diff_bucket=0|strength_gap_bucket=unknown|venue_context=neutral,0.230769,31,False
away_red_cards=0|home_red_cards=0|minute_bucket=76-90+|phase=regular_time|score_diff_bucket=-2_or_more|strength_gap_bucket=unknown|venue_context=neutral,away_red_cards=0|home_red_cards=0|minute_bucket=76-90+|phase=regular_time|score_diff_bucket=-1|strength_gap_bucket=unknown|venue_context=neutral,0.026667,28,False
away_red_cards=0|home_red_cards=0|minute_bucket=76-90+|phase=regular_time|score_diff_bucket=-2_or_more|strength_gap_bucket=unknown|venue_context=neutral,away_red_cards=0|home_red_cards=0|minute_bucket=76-90+|phase=regular_time|score_diff_bucket=-2_or_more|strength_gap_bucket=unknown|venue_context=neutral,0.373333,28,False
away_red_cards=0|home_red_cards=0|minute_bucket=76-90+|phase=regular_time|score_diff_bucket=0|strength_gap_bucket=unknown|venue_context=neutral,away_red_cards=0|home_red_cards=0|minute_bucket=76-90+|phase=regular_time|score_diff_bucket=-1|strength_gap_bucket=unknown|venue_context=neutral,0.033708,42,False
away_red_cards=0|home_red_cards=0|minute_bucket=76-90+|phase=regular_time|score_diff_bucket=0|strength_gap_bucket=unknown|venue_context=neutral,away_red_cards=0|home_red_cards=0|minute_bucket=76-90+|phase=regular_time|score_diff_bucket=0|strength_gap_bucket=unknown|venue_context=neutral,0.460674,42,False
away_red_cards=0|home_red_cards=1_plus|minute_bucket=61-75|phase=regular_time|score_diff_bucket=+1|strength_gap_bucket=unknown|venue_context=neutral,away_red_cards=0|home_red_cards=1_plus|minute_bucket=76-90+|phase=regular_time|score_diff_bucket=+1|strength_gap_bucket=unknown|venue_context=neutral,0.04,3,True
away_red_cards=0|home_red_cards=1_plus|minute_bucket=61-75|phase=regular_time|score_diff_bucket=+1|strength_gap_bucket=unknown|venue_context=neutral,away_red_cards=0|home_red_cards=1_plus|minute_bucket=76-90+|phase=regular_time|score_diff_bucket=+2_or_more|strength_gap_bucket=unknown|venue_context=neutral,0.06,3,True
away_red_cards=0|home_red_cards=1_plus|minute_bucket=61-75|phase=regular_time|score_diff_bucket=0|strength_gap_bucket=unknown|venue_context=neutral,away_red_cards=0|home_red_cards=1_plus|minute_bucket=76-90+|phase=regular_time|score_diff_bucket=0|strength_gap_bucket=unknown|venue_context=neutral,0.08,3,True
away_red_cards=0|home_red_cards=1_plus|minute_bucket=76-90+|phase=regular_time|score_diff_bucket=+1|strength_gap_bucket=unknown|venue_context=neutral,away_red_cards=0|home_red_cards=1_plus|minute_bucket=76-90+|phase=regular_time|score_diff_bucket=+2_or_more|strength_gap_bucket=unknown|venue_context=neutral,0.041667,1,True
away_red_cards=0|home_red_cards=1_plus|minute_bucket=76-90+|phase=regular_time|score_diff_bucket=+2_or_more|strength_gap_bucket=unknown|venue_context=neutral,away_red_cards=0|home_red_cards=1_plus|minute_bucket=76-90+|phase=regular_time|score_diff_bucket=+2_or_more|strength_gap_bucket=unknown|venue_context=neutral,0.041667,1,True
away_red_cards=0|home_red_cards=1_plus|minute_bucket=76-90+|phase=regular_time|score_diff_bucket=-1|strength_gap_bucket=unknown|venue_context=neutral,away_red_cards=0|home_red_cards=0|minute_bucket=76-90+|phase=regular_time|score_diff_bucket=-1|strength_gap_bucket=unknown|venue_context=neutral,0.041667,1,True
away_red_cards=1_plus|home_red_cards=0|minute_bucket=0-15|phase=regular_time|score_diff_bucket=+1|strength_gap_bucket=unknown|venue_context=neutral,away_red_cards=1_plus|home_red_cards=0|minute_bucket=16-30|phase=regular_time|score_diff_bucket=+1|strength_gap_bucket=unknown|venue_context=neutral,0.08,3,True
away_red_cards=1_plus|home_red_cards=0|minute_bucket=16-30|phase=regular_time|score_diff_bucket=+1|strength_gap_bucket=unknown|venue_context=neutral,away_red_cards=1_plus|home_red_cards=0|minute_bucket=31-45+|phase=regular_time|score_diff_bucket=+1|strength_gap_bucket=unknown|venue_context=neutral,0.04,3,True
away_red_cards=1_plus|home_red_cards=0|minute_bucket=16-30|phase=regular_time|score_diff_bucket=+1|strength_gap_bucket=unknown|venue_context=neutral,away_red_cards=1_plus|home_red_cards=0|minute_bucket=46-60|phase=regular_time|score_diff_bucket=+1|strength_gap_bucket=unknown|venue_context=neutral,0.06,3,True
away_red_cards=1_plus|home_red_cards=0|minute_bucket=31-45+|phase=regular_time|score_diff_bucket=+2_or_more|strength_gap_bucket=unknown|venue_context=neutral,away_red_cards=1_plus|home_red_cards=0|minute_bucket=46-60|phase=regular_time|score_diff_bucket=+2_or_more|strength_gap_bucket=unknown|venue_context=neutral,0.041667,1,True
away_red_cards=1_plus|home_red_cards=0|minute_bucket=46-60|phase=regular_time|score_diff_bucket=+1|strength_gap_bucket=unknown|venue_context=neutral,away_red_cards=1_plus|home_red_cards=0|minute_bucket=46-60|phase=regular_time|score_diff_bucket=+2_or_more|strength_gap_bucket=unknown|venue_context=neutral,0.057692,5,True
away_red_cards=1_plus|home_red_cards=0|minute_bucket=46-60|phase=regular_time|score_diff_bucket=+1|strength_gap_bucket=unknown|venue_context=neutral,away_red_cards=1_plus|home_red_cards=0|minute_bucket=61-75|phase=regular_time|score_diff_bucket=+1|strength_gap_bucket=unknown|venue_context=neutral,0.038462,5,True
away_red_cards=1_plus|home_red_cards=0|minute_bucket=46-60|phase=regular_time|score_diff_bucket=+1|strength_gap_bucket=unknown|venue_context=neutral,away_red_cards=1_plus|home_red_cards=0|minute_bucket=61-75|phase=regular_time|score_diff_bucket=+2_or_more|strength_gap_bucket=unknown|venue_context=neutral,0.057692,5,True
away_red_cards=1_plus|home_red_cards=0|minute_bucket=46-60|phase=regular_time|score_diff_bucket=+2_or_more|strength_gap_bucket=unknown|venue_context=neutral,away_red_cards=1_plus|home_red_cards=0|minute_bucket=46-60|phase=regular_time|score_diff_bucket=+2_or_more|strength_gap_bucket=unknown|venue_context=neutral,0.052632,10,True
away_red_cards=1_plus|home_red_cards=0|minute_bucket=46-60|phase=regular_time|score_diff_bucket=+2_or_more|strength_gap_bucket=unknown|venue_context=neutral,away_red_cards=1_plus|home_red_cards=0|minute_bucket=61-75|phase=regular_time|score_diff_bucket=+2_or_more|strength_gap_bucket=unknown|venue_context=neutral,0.157895,10,True
away_red_cards=1_plus|home_red_cards=0|minute_bucket=46-60|phase=regular_time|score_diff_bucket=-1|strength_gap_bucket=unknown|venue_context=neutral,away_red_cards=1_plus|home_red_cards=0|minute_bucket=61-75|phase=regular_time|score_diff_bucket=-1|strength_gap_bucket=unknown|venue_context=neutral,0.098039,4,True
away_red_cards=1_plus|home_red_cards=0|minute_bucket=46-60|phase=regular_time|score_diff_bucket=-2_or_more|strength_gap_bucket=unknown|venue_context=neutral,away_red_cards=1_plus|home_red_cards=0|minute_bucket=61-75|phase=regular_time|score_diff_bucket=-1|strength_gap_bucket=unknown|venue_context=neutral,0.08,3,True
away_red_cards=1_plus|home_red_cards=0|minute_bucket=61-75|phase=regular_time|score_diff_bucket=+2_or_more|strength_gap_bucket=unknown|venue_context=neutral,away_red_cards=1_plus|home_red_cards=0|minute_bucket=76-90+|phase=regular_time|score_diff_bucket=+2_or_more|strength_gap_bucket=unknown|venue_context=neutral,0.220339,12,True
away_red_cards=1_plus|home_red_cards=0|minute_bucket=61-75|phase=regular_time|score_diff_bucket=-1|strength_gap_bucket=unknown|venue_context=neutral,away_red_cards=1_plus|home_red_cards=0|minute_bucket=76-90+|phase=regular_time|score_diff_bucket=-1|strength_gap_bucket=unknown|venue_context=neutral,0.163636,8,True
away_red_cards=1_plus|home_red_cards=0|minute_bucket=61-75|phase=regular_time|score_diff_bucket=-2_or_more|strength_gap_bucket=unknown|venue_context=neutral,away_red_cards=1_plus|home_red_cards=0|minute_bucket=76-90+|phase=regular_time|score_diff_bucket=-1|strength_gap_bucket=unknown|venue_context=neutral,0.041667,1,True
away_red_cards=1_plus|home_red_cards=0|minute_bucket=76-90+|phase=regular_time|score_diff_bucket=+1|strength_gap_bucket=unknown|venue_context=neutral,away_red_cards=1_plus|home_red_cards=0|minute_bucket=76-90+|phase=regular_time|score_diff_bucket=+2_or_more|strength_gap_bucket=unknown|venue_context=neutral,0.041667,1,True
away_red_cards=1_plus|home_red_cards=0|minute_bucket=76-90+|phase=regular_time|score_diff_bucket=+2_or_more|strength_gap_bucket=unknown|venue_context=neutral,away_red_cards=0|home_red_cards=0|minute_bucket=76-90+|phase=regular_time|score_diff_bucket=+2_or_more|strength_gap_bucket=unknown|venue_context=neutral,0.051724,11,True
away_red_cards=1_plus|home_red_cards=0|minute_bucket=76-90+|phase=regular_time|score_diff_bucket=+2_or_more|strength_gap_bucket=unknown|venue_context=neutral,away_red_cards=1_plus|home_red_cards=0|minute_bucket=76-90+|phase=regular_time|score_diff_bucket=+2_or_more|strength_gap_bucket=unknown|venue_context=neutral,0.172414,11,True
away_red_cards=1_plus|home_red_cards=0|minute_bucket=76-90+|phase=regular_time|score_diff_bucket=-1|strength_gap_bucket=unknown|venue_context=neutral,away_red_cards=1_plus|home_red_cards=0|minute_bucket=76-90+|phase=regular_time|score_diff_bucket=-1|strength_gap_bucket=unknown|venue_context=neutral,0.061224,2,True
away_red_cards=1_plus|home_red_cards=1_plus|minute_bucket=76-90+|phase=regular_time|score_diff_bucket=+2_or_more|strength_gap_bucket=unknown|venue_context=neutral,away_red_cards=1_plus|home_red_cards=0|minute_bucket=76-90+|phase=regular_time|score_diff_bucket=+2_or_more|strength_gap_bucket=unknown|venue_context=neutral,0.041667,1,True
